trial,lap,entrant,lap_time,cumulative_time,weather,wetness
1,1,Hamilton (Mercedes),43.32178,43.32178,Sunny,0.05
1,2,Hamilton (Mercedes),43.5939,86.91568,Sunny,0.05
1,3,Hamilton (Mercedes),42.16981,129.08549,Sunny,0.05
1,4,Hamilton (Mercedes),42.15364,171.23913,Sunny,0.05
1,5,Hamilton (Mercedes),43.46197,214.7011,Sunny,0.05
1,1,Verstappen (Red Bull),44.12954,44.12954,Sunny,0.05
1,2,Verstappen (Red Bull),41.65879,85.78834,Sunny,0.05
1,3,Verstappen (Red Bull),42.37463,128.16297,Sunny,0.05
1,4,Verstappen (Red Bull),42.91849,171.08146,Sunny,0.05
1,5,Verstappen (Red Bull),42.48333,213.56479,Sunny,0.05
1,1,Norris (McLaren),43.09128,43.09128,Sunny,0.05
1,2,Norris (McLaren),43.01813,86.10941,Sunny,0.05
1,3,Norris (McLaren),43.98387,130.09328,Sunny,0.05
1,4,Norris (McLaren),43.32444,173.41771,Sunny,0.05
1,5,Norris (McLaren),43.42981,216.84753,Sunny,0.05
2,1,Hamilton (Mercedes),42.45087,42.45087,Sunny,0.05
2,2,Hamilton (Mercedes),43.49806,85.94893,Sunny,0.05
2,3,Hamilton (Mercedes),44.0973,130.04624,Sunny,0.05
2,4,Hamilton (Mercedes),43.47345,173.51969,Sunny,0.05
2,5,Hamilton (Mercedes),42.93237,216.45206,Sunny,0.05
2,1,Verstappen (Red Bull),42.03213,42.03213,Sunny,0.05
2,2,Verstappen (Red Bull),43.03552,85.06765,Sunny,0.05
2,3,Verstappen (Red Bull),43.01866,128.08631,Sunny,0.05
2,4,Verstappen (Red Bull),42.61586,170.70217,Sunny,0.05
2,5,Verstappen (Red Bull),41.40434,212.10651,Sunny,0.05
2,1,Norris (McLaren),42.70388,42.70388,Sunny,0.05
2,2,Norris (McLaren),42.4612,85.16508,Sunny,0.05
2,3,Norris (McLaren),42.61407,127.77914,Sunny,0.05
2,4,Norris (McLaren),43.42683,171.20597,Sunny,0.05
2,5,Norris (McLaren),42.49909,213.70506,Sunny,0.05
3,1,Hamilton (Mercedes),42.95829,42.95829,Sunny,0.05
3,2,Hamilton (Mercedes),43.82908,86.78737,Sunny,0.05
3,3,Hamilton (Mercedes),42.65207,129.43944,Sunny,0.05
3,4,Hamilton (Mercedes),43.04913,172.48857,Sunny,0.05
3,5,Hamilton (Mercedes),43.4454,215.93397,Sunny,0.05
3,1,Verstappen (Red Bull),42.36373,42.36373,Sunny,0.05
3,2,Verstappen (Red Bull),41.84668,84.21042,Sunny,0.05
3,3,Verstappen (Red Bull),42.87928,127.0897,Sunny,0.05
3,4,Verstappen (Red Bull),43.23836,170.32806,Sunny,0.05
3,5,Verstappen (Red Bull),41.70662,212.03468,Sunny,0.05
3,1,Norris (McLaren),42.9984,42.9984,Sunny,0.05
3,2,Norris (McLaren),42.87644,85.87484,Sunny,0.05
3,3,Norris (McLaren),44.15816,130.03301,Sunny,0.05
3,4,Norris (McLaren),42.0773,172.11031,Sunny,0.05
3,5,Norris (McLaren),43.04449,215.1548,Sunny,0.05
4,1,Hamilton (Mercedes),42.24366,42.24366,Sunny,0.05
4,2,Hamilton (Mercedes),42.5131,84.75676,Sunny,0.05
4,3,Hamilton (Mercedes),43.08241,127.83917,Sunny,0.05
4,4,Hamilton (Mercedes),42.87324,170.71242,Sunny,0.05
4,5,Hamilton (Mercedes),42.98558,213.69799,Sunny,0.05
4,1,Verstappen (Red Bull),42.28699,42.28699,Sunny,0.05
4,2,Verstappen (Red Bull),41.79528,84.08227,Sunny,0.05
4,3,Verstappen (Red Bull),43.25734,127.33961,Sunny,0.05
4,4,Verstappen (Red Bull),43.58215,170.92176,Sunny,0.05
4,5,Verstappen (Red Bull),42.70561,213.62737,Sunny,0.05
4,1,Norris (McLaren),42.96693,42.96693,Sunny,0.05
4,2,Norris (McLaren),44.17117,87.1381,Sunny,0.05
4,3,Norris (McLaren),43.58754,130.72565,Sunny,0.05
4,4,Norris (McLaren),43.4133,174.13894,Sunny,0.05
4,5,Norris (McLaren),43.87638,218.01532,Sunny,0.05
5,1,Hamilton (Mercedes),42.57309,42.57309,Sunny,0.05
5,2,Hamilton (Mercedes),42.59951,85.1726,Sunny,0.05
5,3,Hamilton (Mercedes),43.1302,128.30281,Sunny,0.05
5,4,Hamilton (Mercedes),42.44139,170.74419,Sunny,0.05
5,5,Hamilton (Mercedes),43.09294,213.83713,Sunny,0.05
5,1,Verstappen (Red Bull),42.8586,42.8586,Sunny,0.05
5,2,Verstappen (Red Bull),43.05655,85.91514,Sunny,0.05
5,3,Verstappen (Red Bull),43.02113,128.93627,Sunny,0.05
5,4,Verstappen (Red Bull),41.9069,170.84317,Sunny,0.05
5,5,Verstappen (Red Bull),42.64207,213.48524,Sunny,0.05
5,1,Norris (McLaren),43.47225,43.47225,Sunny,0.05
5,2,Norris (McLaren),43.95571,87.42796,Sunny,0.05
5,3,Norris (McLaren),43.9357,131.36366,Sunny,0.05
5,4,Norris (McLaren),43.03185,174.39551,Sunny,0.05
5,5,Norris (McLaren),43.08332,217.47883,Sunny,0.05
6,1,Hamilton (Mercedes),42.41174,42.41174,Sunny,0.05
6,2,Hamilton (Mercedes),42.80811,85.21986,Sunny,0.05
6,3,Hamilton (Mercedes),42.62143,127.84128,Sunny,0.05
6,4,Hamilton (Mercedes),42.33658,170.17786,Sunny,0.05
6,5,Hamilton (Mercedes),42.90303,213.08089,Sunny,0.05
6,1,Verstappen (Red Bull),43.3094,43.3094,Sunny,0.05
6,2,Verstappen (Red Bull),43.62601,86.93541,Sunny,0.05
6,3,Verstappen (Red Bull),42.9027,129.83812,Sunny,0.05
6,4,Verstappen (Red Bull),42.65867,172.49679,Sunny,0.05
6,5,Verstappen (Red Bull),42.91688,215.41366,Sunny,0.05
6,1,Norris (McLaren),43.78875,43.78875,Sunny,0.05
6,2,Norris (McLaren),43.61074,87.39949,Sunny,0.05
6,3,Norris (McLaren),43.50936,130.90885,Sunny,0.05
6,4,Norris (McLaren),43.07993,173.98878,Sunny,0.05
6,5,Norris (McLaren),43.02901,217.01779,Sunny,0.05
7,1,Hamilton (Mercedes),44.31703,44.31703,Sunny,0.05
7,2,Hamilton (Mercedes),43.66283,87.97985,Sunny,0.05
7,3,Hamilton (Mercedes),42.5902,130.57006,Sunny,0.05
7,4,Hamilton (Mercedes),43.52147,174.09152,Sunny,0.05
7,5,Hamilton (Mercedes),42.65052,216.74204,Sunny,0.05
7,1,Verstappen (Red Bull),42.86484,42.86484,Sunny,0.05
7,2,Verstappen (Red Bull),42.43223,85.29707,Sunny,0.05
7,3,Verstappen (Red Bull),42.88589,128.18296,Sunny,0.05
7,4,Verstappen (Red Bull),42.41166,170.59462,Sunny,0.05
7,5,Verstappen (Red Bull),42.57934,213.17396,Sunny,0.05
7,1,Norris (McLaren),43.58532,43.58532,Sunny,0.05
7,2,Norris (McLaren),43.66937,87.25469,Sunny,0.05
7,3,Norris (McLaren),41.95708,129.21177,Sunny,0.05
7,4,Norris (McLaren),44.12067,173.33244,Sunny,0.05
7,5,Norris (McLaren),41.73469,215.06713,Sunny,0.05
8,1,Hamilton (Mercedes),42.26682,42.26682,Sunny,0.05
8,2,Hamilton (Mercedes),42.79777,85.06459,Sunny,0.05
8,3,Hamilton (Mercedes),43.37861,128.44321,Sunny,0.05
8,4,Hamilton (Mercedes),43.05048,171.49368,Sunny,0.05
8,5,Hamilton (Mercedes),42.79797,214.29166,Sunny,0.05
8,1,Verstappen (Red Bull),43.33515,43.33515,Sunny,0.05
8,2,Verstappen (Red Bull),42.77559,86.11074,Sunny,0.05
8,3,Verstappen (Red Bull),42.72305,128.83378,Sunny,0.05
8,4,Verstappen (Red Bull),43.2203,172.05408,Sunny,0.05
8,5,Verstappen (Red Bull),42.34429,214.39838,Sunny,0.05
8,1,Norris (McLaren),44.8092,44.8092,Sunny,0.05
8,2,Norris (McLaren),44.17089,88.98008,Sunny,0.05
8,3,Norris (McLaren),43.25737,132.23745,Sunny,0.05
8,4,Norris (McLaren),43.31096,175.54841,Sunny,0.05
8,5,Norris (McLaren),43.39496,218.94337,Sunny,0.05
9,1,Hamilton (Mercedes),43.53056,43.53056,Sunny,0.05
9,2,Hamilton (Mercedes),43.35275,86.8833,Sunny,0.05
9,3,Hamilton (Mercedes),42.66667,129.54998,Sunny,0.05
9,4,Hamilton (Mercedes),42.5482,172.09817,Sunny,0.05
9,5,Hamilton (Mercedes),43.7365,215.83467,Sunny,0.05
9,1,Verstappen (Red Bull),41.9614,41.9614,Sunny,0.05
9,2,Verstappen (Red Bull),42.28255,84.24395,Sunny,0.05
9,3,Verstappen (Red Bull),43.44698,127.69093,Sunny,0.05
9,4,Verstappen (Red Bull),41.93987,169.6308,Sunny,0.05
9,5,Verstappen (Red Bull),43.08962,212.72043,Sunny,0.05
9,1,Norris (McLaren),44.04973,44.04973,Sunny,0.05
9,2,Norris (McLaren),45.01073,89.06046,Sunny,0.05
9,3,Norris (McLaren),44.2359,133.29636,Sunny,0.05
9,4,Norris (McLaren),43.43537,176.73173,Sunny,0.05
9,5,Norris (McLaren),42.56506,219.29679,Sunny,0.05
10,1,Hamilton (Mercedes),43.90529,43.90529,Sunny,0.05
10,2,Hamilton (Mercedes),43.83437,87.73966,Sunny,0.05
10,3,Hamilton (Mercedes),44.02083,131.76049,Sunny,0.05
10,4,Hamilton (Mercedes),44.00882,175.7693,Sunny,0.05
10,5,Hamilton (Mercedes),43.15333,218.92263,Sunny,0.05
10,1,Verstappen (Red Bull),42.59177,42.59177,Sunny,0.05
10,2,Verstappen (Red Bull),42.14931,84.74108,Sunny,0.05
10,3,Verstappen (Red Bull),43.03139,127.77246,Sunny,0.05
10,4,Verstappen (Red Bull),43.26728,171.03974,Sunny,0.05
10,5,Verstappen (Red Bull),42.4196,213.45935,Sunny,0.05
10,1,Norris (McLaren),43.45524,43.45524,Sunny,0.05
10,2,Norris (McLaren),43.99567,87.45091,Sunny,0.05
10,3,Norris (McLaren),44.41124,131.86215,Sunny,0.05
10,4,Norris (McLaren),42.78441,174.64656,Sunny,0.05
10,5,Norris (McLaren),43.13403,217.78059,Sunny,0.05
11,1,Hamilton (Mercedes),42.60075,42.60075,Sunny,0.05
11,2,Hamilton (Mercedes),42.59792,85.19868,Sunny,0.05
11,3,Hamilton (Mercedes),43.60169,128.80037,Sunny,0.05
11,4,Hamilton (Mercedes),43.67144,172.47182,Sunny,0.05
11,5,Hamilton (Mercedes),42.91142,215.38324,Sunny,0.05
11,1,Verstappen (Red Bull),42.64599,42.64599,Sunny,0.05
11,2,Verstappen (Red Bull),42.43462,85.08062,Sunny,0.05
11,3,Verstappen (Red Bull),43.83445,128.91507,Sunny,0.05
11,4,Verstappen (Red Bull),42.43526,171.35033,Sunny,0.05
11,5,Verstappen (Red Bull),42.59423,213.94457,Sunny,0.05
11,1,Norris (McLaren),42.70786,42.70786,Sunny,0.05
11,2,Norris (McLaren),43.76847,86.47633,Sunny,0.05
11,3,Norris (McLaren),42.94922,129.42556,Sunny,0.05
11,4,Norris (McLaren),41.99259,171.41815,Sunny,0.05
11,5,Norris (McLaren),43.47994,214.89808,Sunny,0.05
12,1,Hamilton (Mercedes),43.22214,43.22214,Sunny,0.05
12,2,Hamilton (Mercedes),43.03519,86.25734,Sunny,0.05
12,3,Hamilton (Mercedes),43.17432,129.43166,Sunny,0.05
12,4,Hamilton (Mercedes),43.27927,172.71093,Sunny,0.05
12,5,Hamilton (Mercedes),43.34502,216.05595,Sunny,0.05
12,1,Verstappen (Red Bull),43.44345,43.44345,Sunny,0.05
12,2,Verstappen (Red Bull),43.19326,86.63671,Sunny,0.05
12,3,Verstappen (Red Bull),43.37535,130.01206,Sunny,0.05
12,4,Verstappen (Red Bull),43.1879,173.19996,Sunny,0.05
12,5,Verstappen (Red Bull),43.0811,216.28106,Sunny,0.05
12,1,Norris (McLaren),43.22098,43.22098,Sunny,0.05
12,2,Norris (McLaren),43.35109,86.57208,Sunny,0.05
12,3,Norris (McLaren),42.39834,128.97041,Sunny,0.05
12,4,Norris (McLaren),44.10192,173.07233,Sunny,0.05
12,5,Norris (McLaren),44.76294,217.83527,Sunny,0.05
13,1,Hamilton (Mercedes),43.09199,43.09199,Sunny,0.05
13,2,Hamilton (Mercedes),42.61418,85.70617,Sunny,0.05
13,3,Hamilton (Mercedes),43.32762,129.03379,Sunny,0.05
13,4,Hamilton (Mercedes),42.97358,172.00737,Sunny,0.05
13,5,Hamilton (Mercedes),43.65278,215.66015,Sunny,0.05
13,1,Verstappen (Red Bull),41.85864,41.85864,Sunny,0.05
13,2,Verstappen (Red Bull),43.70326,85.5619,Sunny,0.05
13,3,Verstappen (Red Bull),43.60462,129.16652,Sunny,0.05
13,4,Verstappen (Red Bull),43.04379,172.21031,Sunny,0.05
13,5,Verstappen (Red Bull),41.57792,213.78823,Sunny,0.05
13,1,Norris (McLaren),43.08043,43.08043,Sunny,0.05
13,2,Norris (McLaren),44.39491,87.47534,Sunny,0.05
13,3,Norris (McLaren),43.41721,130.89255,Sunny,0.05
13,4,Norris (McLaren),42.68018,173.57273,Sunny,0.05
13,5,Norris (McLaren),43.41269,216.98542,Sunny,0.05
14,1,Hamilton (Mercedes),43.15544,43.15544,Sunny,0.05
14,2,Hamilton (Mercedes),42.46112,85.61656,Sunny,0.05
14,3,Hamilton (Mercedes),43.10763,128.72419,Sunny,0.05
14,4,Hamilton (Mercedes),43.67051,172.3947,Sunny,0.05
14,5,Hamilton (Mercedes),43.67053,216.06523,Sunny,0.05
14,1,Verstappen (Red Bull),43.3822,43.3822,Sunny,0.05
14,2,Verstappen (Red Bull),42.98607,86.36827,Sunny,0.05
14,3,Verstappen (Red Bull),42.40834,128.77661,Sunny,0.05
14,4,Verstappen (Red Bull),42.75732,171.53393,Sunny,0.05
14,5,Verstappen (Red Bull),43.92937,215.4633,Sunny,0.05
14,1,Norris (McLaren),43.7334,43.7334,Sunny,0.05
14,2,Norris (McLaren),43.84518,87.57858,Sunny,0.05
14,3,Norris (McLaren),42.57375,130.15233,Sunny,0.05
14,4,Norris (McLaren),44.1184,174.27073,Sunny,0.05
14,5,Norris (McLaren),43.45284,217.72357,Sunny,0.05
15,1,Hamilton (Mercedes),44.0255,44.0255,Sunny,0.05
15,2,Hamilton (Mercedes),42.92489,86.95039,Sunny,0.05
15,3,Hamilton (Mercedes),43.0783,130.02869,Sunny,0.05
15,4,Hamilton (Mercedes),42.99463,173.02331,Sunny,0.05
15,5,Hamilton (Mercedes),42.79206,215.81537,Sunny,0.05
15,1,Verstappen (Red Bull),42.59123,42.59123,Sunny,0.05
15,2,Verstappen (Red Bull),42.86444,85.45567,Sunny,0.05
15,3,Verstappen (Red Bull),42.77534,128.23101,Sunny,0.05
15,4,Verstappen (Red Bull),42.97725,171.20826,Sunny,0.05
15,5,Verstappen (Red Bull),43.90954,215.1178,Sunny,0.05
15,1,Norris (McLaren),43.71976,43.71976,Sunny,0.05
15,2,Norris (McLaren),43.6947,87.41445,Sunny,0.05
15,3,Norris (McLaren),42.81136,130.22581,Sunny,0.05
15,4,Norris (McLaren),44.62124,174.84705,Sunny,0.05
15,5,Norris (McLaren),42.77332,217.62037,Sunny,0.05
16,1,Hamilton (Mercedes),41.95744,41.95744,Sunny,0.05
16,2,Hamilton (Mercedes),43.21775,85.17519,Sunny,0.05
16,3,Hamilton (Mercedes),43.35084,128.52603,Sunny,0.05
16,4,Hamilton (Mercedes),42.63066,171.15669,Sunny,0.05
16,5,Hamilton (Mercedes),43.89655,215.05324,Sunny,0.05
16,1,Verstappen (Red Bull),41.8301,41.8301,Sunny,0.05
16,2,Verstappen (Red Bull),41.89819,83.72829,Sunny,0.05
16,3,Verstappen (Red Bull),42.72921,126.4575,Sunny,0.05
16,4,Verstappen (Red Bull),42.55887,169.01638,Sunny,0.05
16,5,Verstappen (Red Bull),42.63318,211.64956,Sunny,0.05
16,1,Norris (McLaren),43.72242,43.72242,Sunny,0.05
16,2,Norris (McLaren),43.18796,86.91038,Sunny,0.05
16,3,Norris (McLaren),44.3044,131.21478,Sunny,0.05
16,4,Norris (McLaren),42.22508,173.43986,Sunny,0.05
16,5,Norris (McLaren),43.69751,217.13736,Sunny,0.05
17,1,Hamilton (Mercedes),44.30209,44.30209,Sunny,0.05
17,2,Hamilton (Mercedes),43.25282,87.55491,Sunny,0.05
17,3,Hamilton (Mercedes),43.59791,131.15282,Sunny,0.05
17,4,Hamilton (Mercedes),43.8876,175.04042,Sunny,0.05
17,5,Hamilton (Mercedes),43.22354,218.26396,Sunny,0.05
17,1,Verstappen (Red Bull),42.64707,42.64707,Sunny,0.05
17,2,Verstappen (Red Bull),41.32609,83.97316,Sunny,0.05
17,3,Verstappen (Red Bull),42.3853,126.35846,Sunny,0.05
17,4,Verstappen (Red Bull),43.43308,169.79154,Sunny,0.05
17,5,Verstappen (Red Bull),42.81224,212.60378,Sunny,0.05
17,1,Norris (McLaren),42.7041,42.7041,Sunny,0.05
17,2,Norris (McLaren),43.60252,86.30662,Sunny,0.05
17,3,Norris (McLaren),43.44738,129.754,Sunny,0.05
17,4,Norris (McLaren),43.70424,173.45824,Sunny,0.05
17,5,Norris (McLaren),43.25237,216.71061,Sunny,0.05
18,1,Hamilton (Mercedes),43.50899,43.50899,Sunny,0.05
18,2,Hamilton (Mercedes),42.82113,86.33012,Sunny,0.05
18,3,Hamilton (Mercedes),44.24621,130.57633,Sunny,0.05
18,4,Hamilton (Mercedes),43.53007,174.1064,Sunny,0.05
18,5,Hamilton (Mercedes),43.0048,217.1112,Sunny,0.05
18,1,Verstappen (Red Bull),43.21283,43.21283,Sunny,0.05
18,2,Verstappen (Red Bull),42.85752,86.07035,Sunny,0.05
18,3,Verstappen (Red Bull),42.99691,129.06726,Sunny,0.05
18,4,Verstappen (Red Bull),42.51125,171.57851,Sunny,0.05
18,5,Verstappen (Red Bull),42.6535,214.23201,Sunny,0.05
18,1,Norris (McLaren),43.04404,43.04404,Sunny,0.05
18,2,Norris (McLaren),43.05084,86.09489,Sunny,0.05
18,3,Norris (McLaren),43.63263,129.72752,Sunny,0.05
18,4,Norris (McLaren),42.81226,172.53978,Sunny,0.05
18,5,Norris (McLaren),42.86212,215.40189,Sunny,0.05
19,1,Hamilton (Mercedes),43.23224,43.23224,Sunny,0.05
19,2,Hamilton (Mercedes),42.49551,85.72775,Sunny,0.05
19,3,Hamilton (Mercedes),43.04379,128.77154,Sunny,0.05
19,4,Hamilton (Mercedes),43.19914,171.97068,Sunny,0.05
19,5,Hamilton (Mercedes),43.21559,215.18627,Sunny,0.05
19,1,Verstappen (Red Bull),42.64917,42.64917,Sunny,0.05
19,2,Verstappen (Red Bull),41.13244,83.78161,Sunny,0.05
19,3,Verstappen (Red Bull),42.79359,126.5752,Sunny,0.05
19,4,Verstappen (Red Bull),42.91371,169.4889,Sunny,0.05
19,5,Verstappen (Red Bull),42.27841,211.76731,Sunny,0.05
19,1,Norris (McLaren),43.7768,43.7768,Sunny,0.05
19,2,Norris (McLaren),43.0753,86.8521,Sunny,0.05
19,3,Norris (McLaren),42.5224,129.3745,Sunny,0.05
19,4,Norris (McLaren),42.86276,172.23726,Sunny,0.05
19,5,Norris (McLaren),43.19807,215.43533,Sunny,0.05
20,1,Hamilton (Mercedes),42.70092,42.70092,Sunny,0.05
20,2,Hamilton (Mercedes),42.75586,85.45678,Sunny,0.05
20,3,Hamilton (Mercedes),43.42021,128.87699,Sunny,0.05
20,4,Hamilton (Mercedes),43.90058,172.77757,Sunny,0.05
20,5,Hamilton (Mercedes),42.70723,215.4848,Sunny,0.05
20,1,Verstappen (Red Bull),42.26956,42.26956,Sunny,0.05
20,2,Verstappen (Red Bull),43.59139,85.86095,Sunny,0.05
20,3,Verstappen (Red Bull),42.47329,128.33424,Sunny,0.05
20,4,Verstappen (Red Bull),42.5003,170.83454,Sunny,0.05
20,5,Verstappen (Red Bull),42.53052,213.36506,Sunny,0.05
20,1,Norris (McLaren),43.30193,43.30193,Sunny,0.05
20,2,Norris (McLaren),43.36571,86.66764,Sunny,0.05
20,3,Norris (McLaren),43.56518,130.23282,Sunny,0.05
20,4,Norris (McLaren),44.12411,174.35693,Sunny,0.05
20,5,Norris (McLaren),43.75819,218.11512,Sunny,0.05
21,1,Hamilton (Mercedes),43.62471,43.62471,Sunny,0.05
21,2,Hamilton (Mercedes),42.24466,85.86936,Sunny,0.05
21,3,Hamilton (Mercedes),43.38629,129.25565,Sunny,0.05
21,4,Hamilton (Mercedes),44.41298,173.66863,Sunny,0.05
21,5,Hamilton (Mercedes),42.7176,216.38623,Sunny,0.05
21,1,Verstappen (Red Bull),43.5156,43.5156,Sunny,0.05
21,2,Verstappen (Red Bull),42.26097,85.77657,Sunny,0.05
21,3,Verstappen (Red Bull),42.42549,128.20206,Sunny,0.05
21,4,Verstappen (Red Bull),42.34815,170.55021,Sunny,0.05
21,5,Verstappen (Red Bull),41.69656,212.24677,Sunny,0.05
21,1,Norris (McLaren),43.02923,43.02923,Sunny,0.05
21,2,Norris (McLaren),42.53326,85.56249,Sunny,0.05
21,3,Norris (McLaren),44.02748,129.58998,Sunny,0.05
21,4,Norris (McLaren),42.43681,172.02679,Sunny,0.05
21,5,Norris (McLaren),41.96497,213.99176,Sunny,0.05
22,1,Hamilton (Mercedes),44.19241,44.19241,Sunny,0.05
22,2,Hamilton (Mercedes),43.0106,87.20301,Sunny,0.05
22,3,Hamilton (Mercedes),43.22249,130.4255,Sunny,0.05
22,4,Hamilton (Mercedes),44.38329,174.80878,Sunny,0.05
22,5,Hamilton (Mercedes),42.84549,217.65427,Sunny,0.05
22,1,Verstappen (Red Bull),41.87949,41.87949,Sunny,0.05
22,2,Verstappen (Red Bull),42.57845,84.45794,Sunny,0.05
22,3,Verstappen (Red Bull),42.69807,127.15601,Sunny,0.05
22,4,Verstappen (Red Bull),42.54356,169.69957,Sunny,0.05
22,5,Verstappen (Red Bull),43.0034,212.70297,Sunny,0.05
22,1,Norris (McLaren),42.38062,42.38062,Sunny,0.05
22,2,Norris (McLaren),44.06057,86.44119,Sunny,0.05
22,3,Norris (McLaren),43.13208,129.57327,Sunny,0.05
22,4,Norris (McLaren),43.09687,172.67014,Sunny,0.05
22,5,Norris (McLaren),44.45078,217.12092,Sunny,0.05
23,1,Hamilton (Mercedes),42.1079,42.1079,Sunny,0.05
23,2,Hamilton (Mercedes),42.7805,84.8884,Sunny,0.05
23,3,Hamilton (Mercedes),43.92013,128.80852,Sunny,0.05
23,4,Hamilton (Mercedes),43.35163,172.16015,Sunny,0.05
23,5,Hamilton (Mercedes),43.42235,215.58251,Sunny,0.05
23,1,Verstappen (Red Bull),42.59289,42.59289,Sunny,0.05
23,2,Verstappen (Red Bull),43.32549,85.91838,Sunny,0.05
23,3,Verstappen (Red Bull),43.13069,129.04907,Sunny,0.05
23,4,Verstappen (Red Bull),42.33463,171.3837,Sunny,0.05
23,5,Verstappen (Red Bull),42.13766,213.52137,Sunny,0.05
23,1,Norris (McLaren),42.69068,42.69068,Sunny,0.05
23,2,Norris (McLaren),43.18525,85.87593,Sunny,0.05
23,3,Norris (McLaren),42.80199,128.67792,Sunny,0.05
23,4,Norris (McLaren),41.33141,170.00932,Sunny,0.05
23,5,Norris (McLaren),42.61664,212.62596,Sunny,0.05
24,1,Hamilton (Mercedes),43.11434,43.11434,Sunny,0.05
24,2,Hamilton (Mercedes),43.46416,86.57851,Sunny,0.05
24,3,Hamilton (Mercedes),43.07056,129.64907,Sunny,0.05
24,4,Hamilton (Mercedes),42.18927,171.83833,Sunny,0.05
24,5,Hamilton (Mercedes),42.74242,214.58075,Sunny,0.05
24,1,Verstappen (Red Bull),43.01422,43.01422,Sunny,0.05
24,2,Verstappen (Red Bull),41.8898,84.90403,Sunny,0.05
24,3,Verstappen (Red Bull),42.52887,127.4329,Sunny,0.05
24,4,Verstappen (Red Bull),42.23035,169.66325,Sunny,0.05
24,5,Verstappen (Red Bull),42.8128,212.47605,Sunny,0.05
24,1,Norris (McLaren),43.29202,43.29202,Sunny,0.05
24,2,Norris (McLaren),42.63839,85.93041,Sunny,0.05
24,3,Norris (McLaren),43.64508,129.57549,Sunny,0.05
24,4,Norris (McLaren),43.18792,172.76341,Sunny,0.05
24,5,Norris (McLaren),42.75017,215.51358,Sunny,0.05
25,1,Hamilton (Mercedes),43.32373,43.32373,Sunny,0.05
25,2,Hamilton (Mercedes),43.68846,87.01219,Sunny,0.05
25,3,Hamilton (Mercedes),42.70466,129.71686,Sunny,0.05
25,4,Hamilton (Mercedes),42.6397,172.35655,Sunny,0.05
25,5,Hamilton (Mercedes),43.56367,215.92022,Sunny,0.05
25,1,Verstappen (Red Bull),42.3372,42.3372,Sunny,0.05
25,2,Verstappen (Red Bull),43.00403,85.34123,Sunny,0.05
25,3,Verstappen (Red Bull),43.54722,128.88845,Sunny,0.05
25,4,Verstappen (Red Bull),42.68627,171.57473,Sunny,0.05
25,5,Verstappen (Red Bull),42.86235,214.43707,Sunny,0.05
25,1,Norris (McLaren),43.03164,43.03164,Sunny,0.05
25,2,Norris (McLaren),43.4926,86.52424,Sunny,0.05
25,3,Norris (McLaren),42.35605,128.88029,Sunny,0.05
25,4,Norris (McLaren),42.16834,171.04862,Sunny,0.05
25,5,Norris (McLaren),43.11503,214.16366,Sunny,0.05
26,1,Hamilton (Mercedes),41.7977,41.7977,Sunny,0.05
26,2,Hamilton (Mercedes),43.76953,85.56722,Sunny,0.05
26,3,Hamilton (Mercedes),43.93203,129.49925,Sunny,0.05
26,4,Hamilton (Mercedes),43.1693,172.66855,Sunny,0.05
26,5,Hamilton (Mercedes),42.73998,215.40853,Sunny,0.05
26,1,Verstappen (Red Bull),42.44463,42.44463,Sunny,0.05
26,2,Verstappen (Red Bull),42.83889,85.28352,Sunny,0.05
26,3,Verstappen (Red Bull),42.53576,127.81928,Sunny,0.05
26,4,Verstappen (Red Bull),43.41318,171.23245,Sunny,0.05
26,5,Verstappen (Red Bull),42.36055,213.59301,Sunny,0.05
26,1,Norris (McLaren),43.73643,43.73643,Sunny,0.05
26,2,Norris (McLaren),43.05223,86.78866,Sunny,0.05
26,3,Norris (McLaren),42.30539,129.09404,Sunny,0.05
26,4,Norris (McLaren),43.96121,173.05526,Sunny,0.05
26,5,Norris (McLaren),43.89101,216.94626,Sunny,0.05
27,1,Hamilton (Mercedes),43.15933,43.15933,Sunny,0.05
27,2,Hamilton (Mercedes),43.00065,86.15998,Sunny,0.05
27,3,Hamilton (Mercedes),43.13361,129.29359,Sunny,0.05
27,4,Hamilton (Mercedes),43.02687,172.32045,Sunny,0.05
27,5,Hamilton (Mercedes),42.66269,214.98314,Sunny,0.05
27,1,Verstappen (Red Bull),43.02036,43.02036,Sunny,0.05
27,2,Verstappen (Red Bull),42.99902,86.01937,Sunny,0.05
27,3,Verstappen (Red Bull),42.81011,128.82948,Sunny,0.05
27,4,Verstappen (Red Bull),42.57151,171.40099,Sunny,0.05
27,5,Verstappen (Red Bull),42.39834,213.79933,Sunny,0.05
27,1,Norris (McLaren),42.89667,42.89667,Sunny,0.05
27,2,Norris (McLaren),43.2515,86.14817,Sunny,0.05
27,3,Norris (McLaren),42.10872,128.25689,Sunny,0.05
27,4,Norris (McLaren),42.24073,170.49762,Sunny,0.05
27,5,Norris (McLaren),43.31094,213.80856,Sunny,0.05
28,1,Hamilton (Mercedes),42.62367,42.62367,Sunny,0.05
28,2,Hamilton (Mercedes),43.61579,86.23946,Sunny,0.05
28,3,Hamilton (Mercedes),43.00558,129.24504,Sunny,0.05
28,4,Hamilton (Mercedes),43.03607,172.28111,Sunny,0.05
28,5,Hamilton (Mercedes),43.68783,215.96895,Sunny,0.05
28,1,Verstappen (Red Bull),43.32954,43.32954,Sunny,0.05
28,2,Verstappen (Red Bull),42.73068,86.06021,Sunny,0.05
28,3,Verstappen (Red Bull),42.60584,128.66606,Sunny,0.05
28,4,Verstappen (Red Bull),43.45475,172.12081,Sunny,0.05
28,5,Verstappen (Red Bull),42.16865,214.28946,Sunny,0.05
28,1,Norris (McLaren),42.43151,42.43151,Sunny,0.05
28,2,Norris (McLaren),43.04362,85.47512,Sunny,0.05
28,3,Norris (McLaren),42.31396,127.78909,Sunny,0.05
28,4,Norris (McLaren),42.67749,170.46658,Sunny,0.05
28,5,Norris (McLaren),43.68549,214.15207,Sunny,0.05
29,1,Hamilton (Mercedes),43.75709,43.75709,Sunny,0.05
29,2,Hamilton (Mercedes),43.06301,86.8201,Sunny,0.05
29,3,Hamilton (Mercedes),43.1699,129.99,Sunny,0.05
29,4,Hamilton (Mercedes),42.63143,172.62143,Sunny,0.05
29,5,Hamilton (Mercedes),43.66826,216.2897,Sunny,0.05
29,1,Verstappen (Red Bull),42.82167,42.82167,Sunny,0.05
29,2,Verstappen (Red Bull),42.22701,85.04867,Sunny,0.05
29,3,Verstappen (Red Bull),42.70547,127.75414,Sunny,0.05
29,4,Verstappen (Red Bull),42.86473,170.61888,Sunny,0.05
29,5,Verstappen (Red Bull),43.10137,213.72025,Sunny,0.05
29,1,Norris (McLaren),44.31575,44.31575,Sunny,0.05
29,2,Norris (McLaren),43.62775,87.9435,Sunny,0.05
29,3,Norris (McLaren),42.06475,130.00825,Sunny,0.05
29,4,Norris (McLaren),43.08324,173.0915,Sunny,0.05
29,5,Norris (McLaren),44.04579,217.13729,Sunny,0.05
30,1,Hamilton (Mercedes),42.4586,42.4586,Sunny,0.05
30,2,Hamilton (Mercedes),43.45322,85.91181,Sunny,0.05
30,3,Hamilton (Mercedes),42.02313,127.93494,Sunny,0.05
30,4,Hamilton (Mercedes),43.98636,171.9213,Sunny,0.05
30,5,Hamilton (Mercedes),42.62479,214.54609,Sunny,0.05
30,1,Verstappen (Red Bull),43.19022,43.19022,Sunny,0.05
30,2,Verstappen (Red Bull),42.46963,85.65985,Sunny,0.05
30,3,Verstappen (Red Bull),43.95667,129.61652,Sunny,0.05
30,4,Verstappen (Red Bull),42.7565,172.37302,Sunny,0.05
30,5,Verstappen (Red Bull),43.19824,215.57127,Sunny,0.05
30,1,Norris (McLaren),42.07578,42.07578,Sunny,0.05
30,2,Norris (McLaren),43.28014,85.35592,Sunny,0.05
30,3,Norris (McLaren),42.40937,127.76529,Sunny,0.05
30,4,Norris (McLaren),41.73296,169.49825,Sunny,0.05
30,5,Norris (McLaren),43.12124,212.61949,Sunny,0.05
31,1,Hamilton (Mercedes),42.95878,42.95878,Sunny,0.05
31,2,Hamilton (Mercedes),43.88591,86.84469,Sunny,0.05
31,3,Hamilton (Mercedes),43.52082,130.36551,Sunny,0.05
31,4,Hamilton (Mercedes),42.96605,173.33156,Sunny,0.05
31,5,Hamilton (Mercedes),43.3911,216.72266,Sunny,0.05
31,1,Verstappen (Red Bull),43.18155,43.18155,Sunny,0.05
31,2,Verstappen (Red Bull),42.16463,85.34618,Sunny,0.05
31,3,Verstappen (Red Bull),43.01836,128.36455,Sunny,0.05
31,4,Verstappen (Red Bull),42.82566,171.19021,Sunny,0.05
31,5,Verstappen (Red Bull),43.19348,214.38369,Sunny,0.05
31,1,Norris (McLaren),43.76584,43.76584,Sunny,0.05
31,2,Norris (McLaren),43.9124,87.67824,Sunny,0.05
31,3,Norris (McLaren),43.70036,131.3786,Sunny,0.05
31,4,Norris (McLaren),43.79433,175.17293,Sunny,0.05
31,5,Norris (McLaren),43.7527,218.92563,Sunny,0.05
32,1,Hamilton (Mercedes),43.80574,43.80574,Sunny,0.05
32,2,Hamilton (Mercedes),42.85374,86.65949,Sunny,0.05
32,3,Hamilton (Mercedes),42.87046,129.52995,Sunny,0.05
32,4,Hamilton (Mercedes),43.57382,173.10377,Sunny,0.05
32,5,Hamilton (Mercedes),43.13351,216.23728,Sunny,0.05
32,1,Verstappen (Red Bull),43.17302,43.17302,Sunny,0.05
32,2,Verstappen (Red Bull),42.52296,85.69598,Sunny,0.05
32,3,Verstappen (Red Bull),42.0949,127.79088,Sunny,0.05
32,4,Verstappen (Red Bull),42.5031,170.29398,Sunny,0.05
32,5,Verstappen (Red Bull),42.33715,212.63112,Sunny,0.05
32,1,Norris (McLaren),43.00715,43.00715,Sunny,0.05
32,2,Norris (McLaren),43.54189,86.54904,Sunny,0.05
32,3,Norris (McLaren),42.37927,128.9283,Sunny,0.05
32,4,Norris (McLaren),42.5743,171.5026,Sunny,0.05
32,5,Norris (McLaren),43.00931,214.51191,Sunny,0.05
33,1,Hamilton (Mercedes),43.02182,43.02182,Sunny,0.05
33,2,Hamilton (Mercedes),43.67219,86.69401,Sunny,0.05
33,3,Hamilton (Mercedes),43.05402,129.74803,Sunny,0.05
33,4,Hamilton (Mercedes),42.29687,172.0449,Sunny,0.05
33,5,Hamilton (Mercedes),43.99955,216.04444,Sunny,0.05
33,1,Verstappen (Red Bull),42.75386,42.75386,Sunny,0.05
33,2,Verstappen (Red Bull),43.2772,86.03107,Sunny,0.05
33,3,Verstappen (Red Bull),42.75712,128.78819,Sunny,0.05
33,4,Verstappen (Red Bull),42.46358,171.25177,Sunny,0.05
33,5,Verstappen (Red Bull),44.65725,215.90902,Sunny,0.05
33,1,Norris (McLaren),42.49798,42.49798,Sunny,0.05
33,2,Norris (McLaren),43.70395,86.20193,Sunny,0.05
33,3,Norris (McLaren),43.53949,129.74142,Sunny,0.05
33,4,Norris (McLaren),43.04151,172.78293,Sunny,0.05
33,5,Norris (McLaren),43.8605,216.64343,Sunny,0.05
34,1,Hamilton (Mercedes),43.54454,43.54454,Sunny,0.05
34,2,Hamilton (Mercedes),43.19435,86.73888,Sunny,0.05
34,3,Hamilton (Mercedes),43.31757,130.05646,Sunny,0.05
34,4,Hamilton (Mercedes),42.97657,173.03303,Sunny,0.05
34,5,Hamilton (Mercedes),42.47695,215.50998,Sunny,0.05
34,1,Verstappen (Red Bull),42.02163,42.02163,Sunny,0.05
34,2,Verstappen (Red Bull),43.00544,85.02707,Sunny,0.05
34,3,Verstappen (Red Bull),42.59223,127.6193,Sunny,0.05
34,4,Verstappen (Red Bull),43.30678,170.92607,Sunny,0.05
34,5,Verstappen (Red Bull),42.37585,213.30193,Sunny,0.05
34,1,Norris (McLaren),44.14386,44.14386,Sunny,0.05
34,2,Norris (McLaren),42.4346,86.57846,Sunny,0.05
34,3,Norris (McLaren),43.53135,130.10981,Sunny,0.05
34,4,Norris (McLaren),42.45788,172.56769,Sunny,0.05
34,5,Norris (McLaren),43.03189,215.59958,Sunny,0.05
35,1,Hamilton (Mercedes),44.03049,44.03049,Sunny,0.05
35,2,Hamilton (Mercedes),43.39797,87.42847,Sunny,0.05
35,3,Hamilton (Mercedes),43.30652,130.73499,Sunny,0.05
35,4,Hamilton (Mercedes),43.02525,173.76024,Sunny,0.05
35,5,Hamilton (Mercedes),43.10299,216.86323,Sunny,0.05
35,1,Verstappen (Red Bull),42.06027,42.06027,Sunny,0.05
35,2,Verstappen (Red Bull),42.7765,84.83677,Sunny,0.05
35,3,Verstappen (Red Bull),42.68237,127.51914,Sunny,0.05
35,4,Verstappen (Red Bull),43.46263,170.98177,Sunny,0.05
35,5,Verstappen (Red Bull),42.93417,213.91594,Sunny,0.05
35,1,Norris (McLaren),42.99716,42.99716,Sunny,0.05
35,2,Norris (McLaren),43.19301,86.19016,Sunny,0.05
35,3,Norris (McLaren),43.35115,129.54131,Sunny,0.05
35,4,Norris (McLaren),42.99468,172.53599,Sunny,0.05
35,5,Norris (McLaren),44.24968,216.78568,Sunny,0.05
36,1,Hamilton (Mercedes),42.53799,42.53799,Sunny,0.05
36,2,Hamilton (Mercedes),42.9625,85.50049,Sunny,0.05
36,3,Hamilton (Mercedes),42.09499,127.59548,Sunny,0.05
36,4,Hamilton (Mercedes),42.94447,170.53995,Sunny,0.05
36,5,Hamilton (Mercedes),43.84716,214.38711,Sunny,0.05
36,1,Verstappen (Red Bull),43.69922,43.69922,Sunny,0.05
36,2,Verstappen (Red Bull),42.91153,86.61075,Sunny,0.05
36,3,Verstappen (Red Bull),42.85657,129.46731,Sunny,0.05
36,4,Verstappen (Red Bull),42.94434,172.41166,Sunny,0.05
36,5,Verstappen (Red Bull),42.79528,215.20694,Sunny,0.05
36,1,Norris (McLaren),43.05879,43.05879,Sunny,0.05
36,2,Norris (McLaren),42.22588,85.28468,Sunny,0.05
36,3,Norris (McLaren),41.94653,127.2312,Sunny,0.05
36,4,Norris (McLaren),42.46846,169.69966,Sunny,0.05
36,5,Norris (McLaren),43.08451,212.78417,Sunny,0.05
37,1,Hamilton (Mercedes),43.1938,43.1938,Sunny,0.05
37,2,Hamilton (Mercedes),42.25408,85.44788,Sunny,0.05
37,3,Hamilton (Mercedes),42.96089,128.40876,Sunny,0.05
37,4,Hamilton (Mercedes),43.13586,171.54463,Sunny,0.05
37,5,Hamilton (Mercedes),43.99638,215.54101,Sunny,0.05
37,1,Verstappen (Red Bull),42.69549,42.69549,Sunny,0.05
37,2,Verstappen (Red Bull),41.96578,84.66128,Sunny,0.05
37,3,Verstappen (Red Bull),42.89629,127.55757,Sunny,0.05
37,4,Verstappen (Red Bull),42.77947,170.33704,Sunny,0.05
37,5,Verstappen (Red Bull),43.18674,213.52378,Sunny,0.05
37,1,Norris (McLaren),43.96556,43.96556,Sunny,0.05
37,2,Norris (McLaren),43.46612,87.43169,Sunny,0.05
37,3,Norris (McLaren),43.01088,130.44256,Sunny,0.05
37,4,Norris (McLaren),43.1732,173.61577,Sunny,0.05
37,5,Norris (McLaren),43.56837,217.18413,Sunny,0.05
38,1,Hamilton (Mercedes),43.62356,43.62356,Sunny,0.05
38,2,Hamilton (Mercedes),44.11137,87.73494,Sunny,0.05
38,3,Hamilton (Mercedes),43.13751,130.87245,Sunny,0.05
38,4,Hamilton (Mercedes),43.75118,174.62363,Sunny,0.05
38,5,Hamilton (Mercedes),44.1265,218.75014,Sunny,0.05
38,1,Verstappen (Red Bull),42.34878,42.34878,Sunny,0.05
38,2,Verstappen (Red Bull),42.5779,84.92669,Sunny,0.05
38,3,Verstappen (Red Bull),43.48806,128.41475,Sunny,0.05
38,4,Verstappen (Red Bull),43.12228,171.53703,Sunny,0.05
38,5,Verstappen (Red Bull),43.24874,214.78577,Sunny,0.05
38,1,Norris (McLaren),43.52243,43.52243,Sunny,0.05
38,2,Norris (McLaren),44.58108,88.10351,Sunny,0.05
38,3,Norris (McLaren),43.28285,131.38636,Sunny,0.05
38,4,Norris (McLaren),43.07554,174.46191,Sunny,0.05
38,5,Norris (McLaren),42.42551,216.88741,Sunny,0.05
39,1,Hamilton (Mercedes),42.4854,42.4854,Sunny,0.05
39,2,Hamilton (Mercedes),42.53481,85.02021,Sunny,0.05
39,3,Hamilton (Mercedes),43.30956,128.32977,Sunny,0.05
39,4,Hamilton (Mercedes),42.96486,171.29463,Sunny,0.05
39,5,Hamilton (Mercedes),44.29543,215.59006,Sunny,0.05
39,1,Verstappen (Red Bull),41.85612,41.85612,Sunny,0.05
39,2,Verstappen (Red Bull),42.35021,84.20633,Sunny,0.05
39,3,Verstappen (Red Bull),42.53443,126.74077,Sunny,0.05
39,4,Verstappen (Red Bull),43.26522,170.00599,Sunny,0.05
39,5,Verstappen (Red Bull),42.94712,212.95311,Sunny,0.05
39,1,Norris (McLaren),44.30014,44.30014,Sunny,0.05
39,2,Norris (McLaren),43.52915,87.82928,Sunny,0.05
39,3,Norris (McLaren),42.38569,130.21498,Sunny,0.05
39,4,Norris (McLaren),42.67977,172.89475,Sunny,0.05
39,5,Norris (McLaren),43.70491,216.59965,Sunny,0.05
40,1,Hamilton (Mercedes),42.79481,42.79481,Sunny,0.05
40,2,Hamilton (Mercedes),43.13536,85.93017,Sunny,0.05
40,3,Hamilton (Mercedes),42.25711,128.18728,Sunny,0.05
40,4,Hamilton (Mercedes),42.95592,171.1432,Sunny,0.05
40,5,Hamilton (Mercedes),43.06661,214.20981,Sunny,0.05
40,1,Verstappen (Red Bull),43.24636,43.24636,Sunny,0.05
40,2,Verstappen (Red Bull),42.2549,85.50126,Sunny,0.05
40,3,Verstappen (Red Bull),41.72162,127.22287,Sunny,0.05
40,4,Verstappen (Red Bull),43.0194,170.24227,Sunny,0.05
40,5,Verstappen (Red Bull),42.89142,213.1337,Sunny,0.05
40,1,Norris (McLaren),43.41979,43.41979,Sunny,0.05
40,2,Norris (McLaren),42.75214,86.17194,Sunny,0.05
40,3,Norris (McLaren),42.36776,128.5397,Sunny,0.05
40,4,Norris (McLaren),42.44369,170.98339,Sunny,0.05
40,5,Norris (McLaren),43.13879,214.12218,Sunny,0.05
41,1,Hamilton (Mercedes),43.2724,43.2724,Sunny,0.05
41,2,Hamilton (Mercedes),42.14447,85.41687,Sunny,0.05
41,3,Hamilton (Mercedes),42.61581,128.03268,Sunny,0.05
41,4,Hamilton (Mercedes),42.43748,170.47016,Sunny,0.05
41,5,Hamilton (Mercedes),42.81413,213.28429,Sunny,0.05
41,1,Verstappen (Red Bull),42.76364,42.76364,Sunny,0.05
41,2,Verstappen (Red Bull),42.83576,85.5994,Sunny,0.05
41,3,Verstappen (Red Bull),42.61721,128.21661,Sunny,0.05
41,4,Verstappen (Red Bull),43.13671,171.35332,Sunny,0.05
41,5,Verstappen (Red Bull),43.41228,214.76559,Sunny,0.05
41,1,Norris (McLaren),42.33958,42.33958,Sunny,0.05
41,2,Norris (McLaren),44.35722,86.6968,Sunny,0.05
41,3,Norris (McLaren),43.05307,129.74987,Sunny,0.05
41,4,Norris (McLaren),44.05371,173.80357,Sunny,0.05
41,5,Norris (McLaren),43.79157,217.59515,Sunny,0.05
42,1,Hamilton (Mercedes),44.09121,44.09121,Sunny,0.05
42,2,Hamilton (Mercedes),42.58986,86.68107,Sunny,0.05
42,3,Hamilton (Mercedes),43.78876,130.46983,Sunny,0.05
42,4,Hamilton (Mercedes),43.08291,173.55273,Sunny,0.05
42,5,Hamilton (Mercedes),42.55244,216.10518,Sunny,0.05
42,1,Verstappen (Red Bull),43.8603,43.8603,Sunny,0.05
42,2,Verstappen (Red Bull),43.73172,87.59202,Sunny,0.05
42,3,Verstappen (Red Bull),43.79387,131.38589,Sunny,0.05
42,4,Verstappen (Red Bull),43.01844,174.40433,Sunny,0.05
42,5,Verstappen (Red Bull),43.10495,217.50928,Sunny,0.05
42,1,Norris (McLaren),43.90458,43.90458,Sunny,0.05
42,2,Norris (McLaren),42.62678,86.53136,Sunny,0.05
42,3,Norris (McLaren),43.54687,130.07823,Sunny,0.05
42,4,Norris (McLaren),42.43242,172.51064,Sunny,0.05
42,5,Norris (McLaren),42.75662,215.26727,Sunny,0.05
43,1,Hamilton (Mercedes),43.04889,43.04889,Sunny,0.05
43,2,Hamilton (Mercedes),42.95759,86.00648,Sunny,0.05
43,3,Hamilton (Mercedes),42.89642,128.9029,Sunny,0.05
43,4,Hamilton (Mercedes),43.38746,172.29036,Sunny,0.05
43,5,Hamilton (Mercedes),43.79017,216.08053,Sunny,0.05
43,1,Verstappen (Red Bull),42.64417,42.64417,Sunny,0.05
43,2,Verstappen (Red Bull),43.1634,85.80757,Sunny,0.05
43,3,Verstappen (Red Bull),42.75784,128.56542,Sunny,0.05
43,4,Verstappen (Red Bull),42.51586,171.08128,Sunny,0.05
43,5,Verstappen (Red Bull),42.16371,213.24498,Sunny,0.05
43,1,Norris (McLaren),43.08712,43.08712,Sunny,0.05
43,2,Norris (McLaren),43.68918,86.7763,Sunny,0.05
43,3,Norris (McLaren),42.1665,128.94279,Sunny,0.05
43,4,Norris (McLaren),42.42688,171.36967,Sunny,0.05
43,5,Norris (McLaren),42.47807,213.84774,Sunny,0.05
44,1,Hamilton (Mercedes),43.16105,43.16105,Sunny,0.05
44,2,Hamilton (Mercedes),43.5264,86.68745,Sunny,0.05
44,3,Hamilton (Mercedes),42.99607,129.68352,Sunny,0.05
44,4,Hamilton (Mercedes),42.4693,172.15282,Sunny,0.05
44,5,Hamilton (Mercedes),44.0214,216.17422,Sunny,0.05
44,1,Verstappen (Red Bull),42.91582,42.91582,Sunny,0.05
44,2,Verstappen (Red Bull),42.85557,85.77139,Sunny,0.05
44,3,Verstappen (Red Bull),42.45191,128.22329,Sunny,0.05
44,4,Verstappen (Red Bull),42.23783,170.46112,Sunny,0.05
44,5,Verstappen (Red Bull),43.38327,213.84439,Sunny,0.05
44,1,Norris (McLaren),42.81035,42.81035,Sunny,0.05
44,2,Norris (McLaren),43.12354,85.93389,Sunny,0.05
44,3,Norris (McLaren),44.28941,130.22329,Sunny,0.05
44,4,Norris (McLaren),42.39897,172.62226,Sunny,0.05
44,5,Norris (McLaren),43.62773,216.25,Sunny,0.05
45,1,Hamilton (Mercedes),43.19903,43.19903,Sunny,0.05
45,2,Hamilton (Mercedes),43.31964,86.51866,Sunny,0.05
45,3,Hamilton (Mercedes),44.005,130.52366,Sunny,0.05
45,4,Hamilton (Mercedes),42.58267,173.10633,Sunny,0.05
45,5,Hamilton (Mercedes),43.28463,216.39096,Sunny,0.05
45,1,Verstappen (Red Bull),42.9963,42.9963,Sunny,0.05
45,2,Verstappen (Red Bull),43.19356,86.18987,Sunny,0.05
45,3,Verstappen (Red Bull),42.01297,128.20283,Sunny,0.05
45,4,Verstappen (Red Bull),41.75863,169.96147,Sunny,0.05
45,5,Verstappen (Red Bull),43.12446,213.08593,Sunny,0.05
45,1,Norris (McLaren),43.81989,43.81989,Sunny,0.05
45,2,Norris (McLaren),42.14144,85.96133,Sunny,0.05
45,3,Norris (McLaren),44.36444,130.32576,Sunny,0.05
45,4,Norris (McLaren),42.66178,172.98754,Sunny,0.05
45,5,Norris (McLaren),44.27468,217.26222,Sunny,0.05
46,1,Hamilton (Mercedes),43.1454,43.1454,Sunny,0.05
46,2,Hamilton (Mercedes),44.07795,87.22336,Sunny,0.05
46,3,Hamilton (Mercedes),43.77063,130.99399,Sunny,0.05
46,4,Hamilton (Mercedes),43.46182,174.45581,Sunny,0.05
46,5,Hamilton (Mercedes),42.48081,216.93661,Sunny,0.05
46,1,Verstappen (Red Bull),42.00034,42.00034,Sunny,0.05
46,2,Verstappen (Red Bull),43.10798,85.10832,Sunny,0.05
46,3,Verstappen (Red Bull),42.53776,127.64608,Sunny,0.05
46,4,Verstappen (Red Bull),43.59552,171.2416,Sunny,0.05
46,5,Verstappen (Red Bull),42.93288,214.17449,Sunny,0.05
46,1,Norris (McLaren),43.25507,43.25507,Sunny,0.05
46,2,Norris (McLaren),42.34664,85.60171,Sunny,0.05
46,3,Norris (McLaren),44.08478,129.68649,Sunny,0.05
46,4,Norris (McLaren),43.57086,173.25735,Sunny,0.05
46,5,Norris (McLaren),43.87414,217.13149,Sunny,0.05
47,1,Hamilton (Mercedes),43.42112,43.42112,Sunny,0.05
47,2,Hamilton (Mercedes),42.4993,85.92042,Sunny,0.05
47,3,Hamilton (Mercedes),43.09316,129.01359,Sunny,0.05
47,4,Hamilton (Mercedes),43.67601,172.6896,Sunny,0.05
47,5,Hamilton (Mercedes),42.71415,215.40375,Sunny,0.05
47,1,Verstappen (Red Bull),43.28081,43.28081,Sunny,0.05
47,2,Verstappen (Red Bull),43.20142,86.48222,Sunny,0.05
47,3,Verstappen (Red Bull),42.76388,129.24611,Sunny,0.05
47,4,Verstappen (Red Bull),42.26625,171.51236,Sunny,0.05
47,5,Verstappen (Red Bull),43.83088,215.34323,Sunny,0.05
47,1,Norris (McLaren),42.32049,42.32049,Sunny,0.05
47,2,Norris (McLaren),43.37707,85.69755,Sunny,0.05
47,3,Norris (McLaren),43.51144,129.20899,Sunny,0.05
47,4,Norris (McLaren),43.0677,172.27669,Sunny,0.05
47,5,Norris (McLaren),43.46615,215.74284,Sunny,0.05
48,1,Hamilton (Mercedes),43.40187,43.40187,Sunny,0.05
48,2,Hamilton (Mercedes),43.22106,86.62293,Sunny,0.05
48,3,Hamilton (Mercedes),43.30842,129.93135,Sunny,0.05
48,4,Hamilton (Mercedes),43.2352,173.16655,Sunny,0.05
48,5,Hamilton (Mercedes),44.32448,217.49103,Sunny,0.05
48,1,Verstappen (Red Bull),43.46487,43.46487,Sunny,0.05
48,2,Verstappen (Red Bull),42.28266,85.74753,Sunny,0.05
48,3,Verstappen (Red Bull),41.86686,127.61439,Sunny,0.05
48,4,Verstappen (Red Bull),42.69176,170.30615,Sunny,0.05
48,5,Verstappen (Red Bull),43.218,213.52415,Sunny,0.05
48,1,Norris (McLaren),43.14867,43.14867,Sunny,0.05
48,2,Norris (McLaren),43.25684,86.4055,Sunny,0.05
48,3,Norris (McLaren),42.94738,129.35288,Sunny,0.05
48,4,Norris (McLaren),42.68885,172.04173,Sunny,0.05
48,5,Norris (McLaren),43.86628,215.90801,Sunny,0.05
49,1,Hamilton (Mercedes),42.88138,42.88138,Sunny,0.05
49,2,Hamilton (Mercedes),42.87382,85.7552,Sunny,0.05
49,3,Hamilton (Mercedes),42.86072,128.61592,Sunny,0.05
49,4,Hamilton (Mercedes),43.30679,171.92271,Sunny,0.05
49,5,Hamilton (Mercedes),42.50918,214.4319,Sunny,0.05
49,1,Verstappen (Red Bull),43.54636,43.54636,Sunny,0.05
49,2,Verstappen (Red Bull),42.81375,86.36011,Sunny,0.05
49,3,Verstappen (Red Bull),43.27776,129.63787,Sunny,0.05
49,4,Verstappen (Red Bull),42.4929,172.13077,Sunny,0.05
49,5,Verstappen (Red Bull),42.56713,214.6979,Sunny,0.05
49,1,Norris (McLaren),43.74517,43.74517,Sunny,0.05
49,2,Norris (McLaren),42.89174,86.63691,Sunny,0.05
49,3,Norris (McLaren),43.11046,129.74737,Sunny,0.05
49,4,Norris (McLaren),43.86755,173.61492,Sunny,0.05
49,5,Norris (McLaren),42.58631,216.20124,Sunny,0.05
50,1,Hamilton (Mercedes),43.30293,43.30293,Sunny,0.05
50,2,Hamilton (Mercedes),42.67714,85.98007,Sunny,0.05
50,3,Hamilton (Mercedes),43.44777,129.42784,Sunny,0.05
50,4,Hamilton (Mercedes),43.20288,172.63072,Sunny,0.05
50,5,Hamilton (Mercedes),43.32033,215.95105,Sunny,0.05
50,1,Verstappen (Red Bull),43.48051,43.48051,Sunny,0.05
50,2,Verstappen (Red Bull),41.9921,85.4726,Sunny,0.05
50,3,Verstappen (Red Bull),42.75765,128.23025,Sunny,0.05
50,4,Verstappen (Red Bull),42.1424,170.37265,Sunny,0.05
50,5,Verstappen (Red Bull),43.06742,213.44008,Sunny,0.05
50,1,Norris (McLaren),43.21779,43.21779,Sunny,0.05
50,2,Norris (McLaren),44.78042,87.99821,Sunny,0.05
50,3,Norris (McLaren),43.79493,131.79314,Sunny,0.05
50,4,Norris (McLaren),42.47984,174.27298,Sunny,0.05
50,5,Norris (McLaren),43.0731,217.34608,Sunny,0.05
51,1,Hamilton (Mercedes),42.28909,42.28909,Sunny,0.05
51,2,Hamilton (Mercedes),43.04769,85.33678,Sunny,0.05
51,3,Hamilton (Mercedes),42.67749,128.01427,Sunny,0.05
51,4,Hamilton (Mercedes),42.38289,170.39716,Sunny,0.05
51,5,Hamilton (Mercedes),42.19553,212.59269,Sunny,0.05
51,1,Verstappen (Red Bull),42.69828,42.69828,Sunny,0.05
51,2,Verstappen (Red Bull),42.23966,84.93794,Sunny,0.05
51,3,Verstappen (Red Bull),41.88429,126.82223,Sunny,0.05
51,4,Verstappen (Red Bull),42.82686,169.64909,Sunny,0.05
51,5,Verstappen (Red Bull),42.49511,212.14421,Sunny,0.05
51,1,Norris (McLaren),42.34341,42.34341,Sunny,0.05
51,2,Norris (McLaren),43.64669,85.9901,Sunny,0.05
51,3,Norris (McLaren),43.13831,129.12841,Sunny,0.05
51,4,Norris (McLaren),42.57956,171.70797,Sunny,0.05
51,5,Norris (McLaren),42.11815,213.82612,Sunny,0.05
52,1,Hamilton (Mercedes),42.51996,42.51996,Sunny,0.05
52,2,Hamilton (Mercedes),43.21341,85.73337,Sunny,0.05
52,3,Hamilton (Mercedes),43.55204,129.28541,Sunny,0.05
52,4,Hamilton (Mercedes),43.03546,172.32086,Sunny,0.05
52,5,Hamilton (Mercedes),43.42153,215.74239,Sunny,0.05
52,1,Verstappen (Red Bull),42.18304,42.18304,Sunny,0.05
52,2,Verstappen (Red Bull),42.35473,84.53777,Sunny,0.05
52,3,Verstappen (Red Bull),43.46209,127.99986,Sunny,0.05
52,4,Verstappen (Red Bull),42.72406,170.72391,Sunny,0.05
52,5,Verstappen (Red Bull),42.80338,213.52729,Sunny,0.05
52,1,Norris (McLaren),43.61895,43.61895,Sunny,0.05
52,2,Norris (McLaren),42.98936,86.60832,Sunny,0.05
52,3,Norris (McLaren),43.08425,129.69257,Sunny,0.05
52,4,Norris (McLaren),43.812,173.50457,Sunny,0.05
52,5,Norris (McLaren),43.86521,217.36978,Sunny,0.05
53,1,Hamilton (Mercedes),43.30381,43.30381,Sunny,0.05
53,2,Hamilton (Mercedes),42.72321,86.02702,Sunny,0.05
53,3,Hamilton (Mercedes),43.11257,129.13959,Sunny,0.05
53,4,Hamilton (Mercedes),43.30763,172.44723,Sunny,0.05
53,5,Hamilton (Mercedes),44.07344,216.52066,Sunny,0.05
53,1,Verstappen (Red Bull),42.56148,42.56148,Sunny,0.05
53,2,Verstappen (Red Bull),42.56526,85.12674,Sunny,0.05
53,3,Verstappen (Red Bull),42.74573,127.87247,Sunny,0.05
53,4,Verstappen (Red Bull),43.49857,171.37103,Sunny,0.05
53,5,Verstappen (Red Bull),42.53812,213.90916,Sunny,0.05
53,1,Norris (McLaren),43.03998,43.03998,Sunny,0.05
53,2,Norris (McLaren),42.32349,85.36347,Sunny,0.05
53,3,Norris (McLaren),42.64314,128.00661,Sunny,0.05
53,4,Norris (McLaren),43.05577,171.06238,Sunny,0.05
53,5,Norris (McLaren),43.32507,214.38745,Sunny,0.05
54,1,Hamilton (Mercedes),42.90455,42.90455,Sunny,0.05
54,2,Hamilton (Mercedes),43.03653,85.94108,Sunny,0.05
54,3,Hamilton (Mercedes),43.81714,129.75822,Sunny,0.05
54,4,Hamilton (Mercedes),42.52322,172.28144,Sunny,0.05
54,5,Hamilton (Mercedes),43.29858,215.58002,Sunny,0.05
54,1,Verstappen (Red Bull),42.5375,42.5375,Sunny,0.05
54,2,Verstappen (Red Bull),42.67742,85.21493,Sunny,0.05
54,3,Verstappen (Red Bull),42.80797,128.02289,Sunny,0.05
54,4,Verstappen (Red Bull),42.82877,170.85166,Sunny,0.05
54,5,Verstappen (Red Bull),42.38073,213.23239,Sunny,0.05
54,1,Norris (McLaren),42.45671,42.45671,Sunny,0.05
54,2,Norris (McLaren),43.74347,86.20018,Sunny,0.05
54,3,Norris (McLaren),43.355,129.55518,Sunny,0.05
54,4,Norris (McLaren),42.7352,172.29038,Sunny,0.05
54,5,Norris (McLaren),44.37271,216.66309,Sunny,0.05
55,1,Hamilton (Mercedes),43.12389,43.12389,Sunny,0.05
55,2,Hamilton (Mercedes),42.79386,85.91775,Sunny,0.05
55,3,Hamilton (Mercedes),42.4553,128.37305,Sunny,0.05
55,4,Hamilton (Mercedes),43.32694,171.69999,Sunny,0.05
55,5,Hamilton (Mercedes),43.2271,214.92708,Sunny,0.05
55,1,Verstappen (Red Bull),42.43945,42.43945,Sunny,0.05
55,2,Verstappen (Red Bull),43.04323,85.48268,Sunny,0.05
55,3,Verstappen (Red Bull),43.69761,129.18029,Sunny,0.05
55,4,Verstappen (Red Bull),42.62131,171.8016,Sunny,0.05
55,5,Verstappen (Red Bull),42.33708,214.13868,Sunny,0.05
55,1,Norris (McLaren),43.31949,43.31949,Sunny,0.05
55,2,Norris (McLaren),44.04173,87.36121,Sunny,0.05
55,3,Norris (McLaren),44.23101,131.59222,Sunny,0.05
55,4,Norris (McLaren),43.50732,175.09954,Sunny,0.05
55,5,Norris (McLaren),43.41078,218.51032,Sunny,0.05
56,1,Hamilton (Mercedes),42.77452,42.77452,Sunny,0.05
56,2,Hamilton (Mercedes),43.89593,86.67045,Sunny,0.05
56,3,Hamilton (Mercedes),42.43081,129.10126,Sunny,0.05
56,4,Hamilton (Mercedes),43.9858,173.08707,Sunny,0.05
56,5,Hamilton (Mercedes),43.44002,216.52708,Sunny,0.05
56,1,Verstappen (Red Bull),42.91743,42.91743,Sunny,0.05
56,2,Verstappen (Red Bull),42.04758,84.96501,Sunny,0.05
56,3,Verstappen (Red Bull),42.87598,127.84099,Sunny,0.05
56,4,Verstappen (Red Bull),43.4106,171.25159,Sunny,0.05
56,5,Verstappen (Red Bull),43.50285,214.75444,Sunny,0.05
56,1,Norris (McLaren),43.01772,43.01772,Sunny,0.05
56,2,Norris (McLaren),44.51972,87.53744,Sunny,0.05
56,3,Norris (McLaren),42.99554,130.53298,Sunny,0.05
56,4,Norris (McLaren),42.27285,172.80584,Sunny,0.05
56,5,Norris (McLaren),42.56458,215.37042,Sunny,0.05
57,1,Hamilton (Mercedes),42.84666,42.84666,Sunny,0.05
57,2,Hamilton (Mercedes),43.18875,86.03542,Sunny,0.05
57,3,Hamilton (Mercedes),42.79588,128.8313,Sunny,0.05
57,4,Hamilton (Mercedes),43.02531,171.85661,Sunny,0.05
57,5,Hamilton (Mercedes),43.0558,214.91241,Sunny,0.05
57,1,Verstappen (Red Bull),43.00375,43.00375,Sunny,0.05
57,2,Verstappen (Red Bull),41.83719,84.84094,Sunny,0.05
57,3,Verstappen (Red Bull),42.63334,127.47428,Sunny,0.05
57,4,Verstappen (Red Bull),43.71783,171.19211,Sunny,0.05
57,5,Verstappen (Red Bull),42.77523,213.96733,Sunny,0.05
57,1,Norris (McLaren),43.0548,43.0548,Sunny,0.05
57,2,Norris (McLaren),42.17083,85.22563,Sunny,0.05
57,3,Norris (McLaren),43.40472,128.63035,Sunny,0.05
57,4,Norris (McLaren),44.23563,172.86597,Sunny,0.05
57,5,Norris (McLaren),44.15136,217.01734,Sunny,0.05
58,1,Hamilton (Mercedes),42.72342,42.72342,Sunny,0.05
58,2,Hamilton (Mercedes),42.48067,85.20409,Sunny,0.05
58,3,Hamilton (Mercedes),43.70396,128.90804,Sunny,0.05
58,4,Hamilton (Mercedes),43.54971,172.45775,Sunny,0.05
58,5,Hamilton (Mercedes),42.75498,215.21273,Sunny,0.05
58,1,Verstappen (Red Bull),42.85866,42.85866,Sunny,0.05
58,2,Verstappen (Red Bull),43.29036,86.14902,Sunny,0.05
58,3,Verstappen (Red Bull),42.73005,128.87907,Sunny,0.05
58,4,Verstappen (Red Bull),42.41021,171.28928,Sunny,0.05
58,5,Verstappen (Red Bull),43.12509,214.41437,Sunny,0.05
58,1,Norris (McLaren),44.98967,44.98967,Sunny,0.05
58,2,Norris (McLaren),43.60481,88.59448,Sunny,0.05
58,3,Norris (McLaren),43.38731,131.98179,Sunny,0.05
58,4,Norris (McLaren),43.63864,175.62042,Sunny,0.05
58,5,Norris (McLaren),42.35624,217.97666,Sunny,0.05
59,1,Hamilton (Mercedes),44.03254,44.03254,Sunny,0.05
59,2,Hamilton (Mercedes),42.29396,86.3265,Sunny,0.05
59,3,Hamilton (Mercedes),43.50123,129.82773,Sunny,0.05
59,4,Hamilton (Mercedes),43.92917,173.7569,Sunny,0.05
59,5,Hamilton (Mercedes),43.03721,216.79411,Sunny,0.05
59,1,Verstappen (Red Bull),43.6058,43.6058,Sunny,0.05
59,2,Verstappen (Red Bull),43.67869,87.28449,Sunny,0.05
59,3,Verstappen (Red Bull),43.09114,130.37563,Sunny,0.05
59,4,Verstappen (Red Bull),42.99859,173.37422,Sunny,0.05
59,5,Verstappen (Red Bull),43.56079,216.93501,Sunny,0.05
59,1,Norris (McLaren),42.33417,42.33417,Sunny,0.05
59,2,Norris (McLaren),43.56364,85.89781,Sunny,0.05
59,3,Norris (McLaren),43.17615,129.07396,Sunny,0.05
59,4,Norris (McLaren),43.38385,172.45781,Sunny,0.05
59,5,Norris (McLaren),43.12724,215.58505,Sunny,0.05
60,1,Hamilton (Mercedes),43.5241,43.5241,Sunny,0.05
60,2,Hamilton (Mercedes),43.2987,86.8228,Sunny,0.05
60,3,Hamilton (Mercedes),43.13378,129.95658,Sunny,0.05
60,4,Hamilton (Mercedes),43.17312,173.1297,Sunny,0.05
60,5,Hamilton (Mercedes),42.85068,215.98038,Sunny,0.05
60,1,Verstappen (Red Bull),42.35836,42.35836,Sunny,0.05
60,2,Verstappen (Red Bull),43.54559,85.90395,Sunny,0.05
60,3,Verstappen (Red Bull),42.65054,128.55449,Sunny,0.05
60,4,Verstappen (Red Bull),42.72964,171.28413,Sunny,0.05
60,5,Verstappen (Red Bull),42.68438,213.96851,Sunny,0.05
60,1,Norris (McLaren),43.86071,43.86071,Sunny,0.05
60,2,Norris (McLaren),42.80027,86.66098,Sunny,0.05
60,3,Norris (McLaren),42.65394,129.31492,Sunny,0.05
60,4,Norris (McLaren),43.19176,172.50668,Sunny,0.05
60,5,Norris (McLaren),43.33069,215.83737,Sunny,0.05
61,1,Hamilton (Mercedes),42.58144,42.58144,Sunny,0.05
61,2,Hamilton (Mercedes),43.35493,85.93637,Sunny,0.05
61,3,Hamilton (Mercedes),43.5671,129.50348,Sunny,0.05
61,4,Hamilton (Mercedes),43.67406,173.17754,Sunny,0.05
61,5,Hamilton (Mercedes),43.46148,216.63901,Sunny,0.05
61,1,Verstappen (Red Bull),43.21069,43.21069,Sunny,0.05
61,2,Verstappen (Red Bull),43.14731,86.358,Sunny,0.05
61,3,Verstappen (Red Bull),43.15727,129.51528,Sunny,0.05
61,4,Verstappen (Red Bull),43.39375,172.90903,Sunny,0.05
61,5,Verstappen (Red Bull),43.15758,216.06661,Sunny,0.05
61,1,Norris (McLaren),41.97951,41.97951,Sunny,0.05
61,2,Norris (McLaren),42.35424,84.33374,Sunny,0.05
61,3,Norris (McLaren),43.18025,127.514,Sunny,0.05
61,4,Norris (McLaren),43.61507,171.12907,Sunny,0.05
61,5,Norris (McLaren),42.38116,213.51024,Sunny,0.05
62,1,Hamilton (Mercedes),43.63049,43.63049,Sunny,0.05
62,2,Hamilton (Mercedes),43.24463,86.87512,Sunny,0.05
62,3,Hamilton (Mercedes),44.46475,131.33986,Sunny,0.05
62,4,Hamilton (Mercedes),43.10268,174.44255,Sunny,0.05
62,5,Hamilton (Mercedes),43.90212,218.34467,Sunny,0.05
62,1,Verstappen (Red Bull),43.34991,43.34991,Sunny,0.05
62,2,Verstappen (Red Bull),43.24218,86.5921,Sunny,0.05
62,3,Verstappen (Red Bull),42.85957,129.45167,Sunny,0.05
62,4,Verstappen (Red Bull),42.13088,171.58254,Sunny,0.05
62,5,Verstappen (Red Bull),42.63264,214.21519,Sunny,0.05
62,1,Norris (McLaren),44.16509,44.16509,Sunny,0.05
62,2,Norris (McLaren),43.83397,87.99906,Sunny,0.05
62,3,Norris (McLaren),43.27378,131.27283,Sunny,0.05
62,4,Norris (McLaren),43.25866,174.5315,Sunny,0.05
62,5,Norris (McLaren),42.4524,216.98389,Sunny,0.05
63,1,Hamilton (Mercedes),43.56328,43.56328,Sunny,0.05
63,2,Hamilton (Mercedes),43.10147,86.66475,Sunny,0.05
63,3,Hamilton (Mercedes),43.21228,129.87704,Sunny,0.05
63,4,Hamilton (Mercedes),43.02681,172.90385,Sunny,0.05
63,5,Hamilton (Mercedes),43.29447,216.19832,Sunny,0.05
63,1,Verstappen (Red Bull),42.71671,42.71671,Sunny,0.05
63,2,Verstappen (Red Bull),42.59433,85.31104,Sunny,0.05
63,3,Verstappen (Red Bull),43.13282,128.44386,Sunny,0.05
63,4,Verstappen (Red Bull),42.56831,171.01217,Sunny,0.05
63,5,Verstappen (Red Bull),43.90987,214.92204,Sunny,0.05
63,1,Norris (McLaren),43.51998,43.51998,Sunny,0.05
63,2,Norris (McLaren),44.17365,87.69364,Sunny,0.05
63,3,Norris (McLaren),43.10937,130.80301,Sunny,0.05
63,4,Norris (McLaren),43.15937,173.96238,Sunny,0.05
63,5,Norris (McLaren),43.4648,217.42718,Sunny,0.05
64,1,Hamilton (Mercedes),41.74568,41.74568,Sunny,0.05
64,2,Hamilton (Mercedes),42.78037,84.52605,Sunny,0.05
64,3,Hamilton (Mercedes),43.09256,127.61861,Sunny,0.05
64,4,Hamilton (Mercedes),42.91133,170.52994,Sunny,0.05
64,5,Hamilton (Mercedes),43.80015,214.3301,Sunny,0.05
64,1,Verstappen (Red Bull),43.68117,43.68117,Sunny,0.05
64,2,Verstappen (Red Bull),42.57562,86.2568,Sunny,0.05
64,3,Verstappen (Red Bull),42.71271,128.9695,Sunny,0.05
64,4,Verstappen (Red Bull),43.08047,172.04997,Sunny,0.05
64,5,Verstappen (Red Bull),42.71094,214.76092,Sunny,0.05
64,1,Norris (McLaren),42.51165,42.51165,Sunny,0.05
64,2,Norris (McLaren),42.75863,85.27029,Sunny,0.05
64,3,Norris (McLaren),44.42982,129.7001,Sunny,0.05
64,4,Norris (McLaren),42.87789,172.57799,Sunny,0.05
64,5,Norris (McLaren),44.3784,216.95639,Sunny,0.05
65,1,Hamilton (Mercedes),43.23365,43.23365,Sunny,0.05
65,2,Hamilton (Mercedes),42.19666,85.4303,Sunny,0.05
65,3,Hamilton (Mercedes),43.1508,128.5811,Sunny,0.05
65,4,Hamilton (Mercedes),43.75818,172.33928,Sunny,0.05
65,5,Hamilton (Mercedes),43.47389,215.81318,Sunny,0.05
65,1,Verstappen (Red Bull),42.49494,42.49494,Sunny,0.05
65,2,Verstappen (Red Bull),42.9404,85.43534,Sunny,0.05
65,3,Verstappen (Red Bull),42.88362,128.31896,Sunny,0.05
65,4,Verstappen (Red Bull),42.35214,170.6711,Sunny,0.05
65,5,Verstappen (Red Bull),42.30699,212.97809,Sunny,0.05
65,1,Norris (McLaren),43.00579,43.00579,Sunny,0.05
65,2,Norris (McLaren),41.75445,84.76024,Sunny,0.05
65,3,Norris (McLaren),42.66456,127.4248,Sunny,0.05
65,4,Norris (McLaren),42.96545,170.39025,Sunny,0.05
65,5,Norris (McLaren),44.07073,214.46098,Sunny,0.05
66,1,Hamilton (Mercedes),42.58613,42.58613,Sunny,0.05
66,2,Hamilton (Mercedes),43.53326,86.11939,Sunny,0.05
66,3,Hamilton (Mercedes),43.28481,129.4042,Sunny,0.05
66,4,Hamilton (Mercedes),42.83939,172.24359,Sunny,0.05
66,5,Hamilton (Mercedes),42.89884,215.14243,Sunny,0.05
66,1,Verstappen (Red Bull),42.95812,42.95812,Sunny,0.05
66,2,Verstappen (Red Bull),42.77662,85.73474,Sunny,0.05
66,3,Verstappen (Red Bull),43.83659,129.57133,Sunny,0.05
66,4,Verstappen (Red Bull),42.01587,171.5872,Sunny,0.05
66,5,Verstappen (Red Bull),42.38624,213.97344,Sunny,0.05
66,1,Norris (McLaren),43.7296,43.7296,Sunny,0.05
66,2,Norris (McLaren),42.84299,86.57259,Sunny,0.05
66,3,Norris (McLaren),43.06302,129.6356,Sunny,0.05
66,4,Norris (McLaren),44.28099,173.91659,Sunny,0.05
66,5,Norris (McLaren),43.26449,217.18108,Sunny,0.05
67,1,Hamilton (Mercedes),42.71569,42.71569,Sunny,0.05
67,2,Hamilton (Mercedes),43.09515,85.81084,Sunny,0.05
67,3,Hamilton (Mercedes),42.49733,128.30818,Sunny,0.05
67,4,Hamilton (Mercedes),42.77502,171.0832,Sunny,0.05
67,5,Hamilton (Mercedes),43.03367,214.11686,Sunny,0.05
67,1,Verstappen (Red Bull),41.89312,41.89312,Sunny,0.05
67,2,Verstappen (Red Bull),42.75604,84.64916,Sunny,0.05
67,3,Verstappen (Red Bull),42.54792,127.19708,Sunny,0.05
67,4,Verstappen (Red Bull),42.2336,169.43068,Sunny,0.05
67,5,Verstappen (Red Bull),42.85215,212.28284,Sunny,0.05
67,1,Norris (McLaren),43.42883,43.42883,Sunny,0.05
67,2,Norris (McLaren),42.83057,86.25941,Sunny,0.05
67,3,Norris (McLaren),43.07113,129.33054,Sunny,0.05
67,4,Norris (McLaren),43.80336,173.1339,Sunny,0.05
67,5,Norris (McLaren),42.65526,215.78917,Sunny,0.05
68,1,Hamilton (Mercedes),44.29144,44.29144,Sunny,0.05
68,2,Hamilton (Mercedes),44.24381,88.53525,Sunny,0.05
68,3,Hamilton (Mercedes),42.15436,130.68961,Sunny,0.05
68,4,Hamilton (Mercedes),42.79669,173.4863,Sunny,0.05
68,5,Hamilton (Mercedes),43.60552,217.09182,Sunny,0.05
68,1,Verstappen (Red Bull),43.52532,43.52532,Sunny,0.05
68,2,Verstappen (Red Bull),43.0358,86.56111,Sunny,0.05
68,3,Verstappen (Red Bull),42.27841,128.83953,Sunny,0.05
68,4,Verstappen (Red Bull),42.94962,171.78915,Sunny,0.05
68,5,Verstappen (Red Bull),44.28379,216.07294,Sunny,0.05
68,1,Norris (McLaren),41.44651,41.44651,Sunny,0.05
68,2,Norris (McLaren),42.81343,84.25993,Sunny,0.05
68,3,Norris (McLaren),42.27879,126.53872,Sunny,0.05
68,4,Norris (McLaren),42.86459,169.40331,Sunny,0.05
68,5,Norris (McLaren),42.14726,211.55057,Sunny,0.05
69,1,Hamilton (Mercedes),41.97145,41.97145,Sunny,0.05
69,2,Hamilton (Mercedes),42.5668,84.53825,Sunny,0.05
69,3,Hamilton (Mercedes),43.42485,127.9631,Sunny,0.05
69,4,Hamilton (Mercedes),43.85279,171.81589,Sunny,0.05
69,5,Hamilton (Mercedes),42.66963,214.48552,Sunny,0.05
69,1,Verstappen (Red Bull),42.83866,42.83866,Sunny,0.05
69,2,Verstappen (Red Bull),42.72247,85.56113,Sunny,0.05
69,3,Verstappen (Red Bull),42.62382,128.18495,Sunny,0.05
69,4,Verstappen (Red Bull),43.59838,171.78333,Sunny,0.05
69,5,Verstappen (Red Bull),42.22502,214.00836,Sunny,0.05
69,1,Norris (McLaren),44.11922,44.11922,Sunny,0.05
69,2,Norris (McLaren),44.46637,88.58559,Sunny,0.05
69,3,Norris (McLaren),42.67825,131.26384,Sunny,0.05
69,4,Norris (McLaren),44.20551,175.46935,Sunny,0.05
69,5,Norris (McLaren),44.49366,219.96301,Sunny,0.05
70,1,Hamilton (Mercedes),43.40984,43.40984,Sunny,0.05
70,2,Hamilton (Mercedes),43.14506,86.55489,Sunny,0.05
70,3,Hamilton (Mercedes),42.58728,129.14218,Sunny,0.05
70,4,Hamilton (Mercedes),42.6739,171.81608,Sunny,0.05
70,5,Hamilton (Mercedes),43.57215,215.38823,Sunny,0.05
70,1,Verstappen (Red Bull),43.96073,43.96073,Sunny,0.05
70,2,Verstappen (Red Bull),43.80622,87.76695,Sunny,0.05
70,3,Verstappen (Red Bull),42.00985,129.7768,Sunny,0.05
70,4,Verstappen (Red Bull),42.75014,172.52694,Sunny,0.05
70,5,Verstappen (Red Bull),42.47554,215.00248,Sunny,0.05
70,1,Norris (McLaren),43.1288,43.1288,Sunny,0.05
70,2,Norris (McLaren),42.8005,85.9293,Sunny,0.05
70,3,Norris (McLaren),41.65065,127.57995,Sunny,0.05
70,4,Norris (McLaren),44.03363,171.61358,Sunny,0.05
70,5,Norris (McLaren),43.27073,214.88431,Sunny,0.05
71,1,Hamilton (Mercedes),41.56203,41.56203,Sunny,0.05
71,2,Hamilton (Mercedes),43.63676,85.1988,Sunny,0.05
71,3,Hamilton (Mercedes),43.34011,128.53891,Sunny,0.05
71,4,Hamilton (Mercedes),42.35653,170.89544,Sunny,0.05
71,5,Hamilton (Mercedes),42.67101,213.56645,Sunny,0.05
71,1,Verstappen (Red Bull),41.76711,41.76711,Sunny,0.05
71,2,Verstappen (Red Bull),42.58764,84.35476,Sunny,0.05
71,3,Verstappen (Red Bull),43.25648,127.61123,Sunny,0.05
71,4,Verstappen (Red Bull),42.59559,170.20682,Sunny,0.05
71,5,Verstappen (Red Bull),43.09146,213.29828,Sunny,0.05
71,1,Norris (McLaren),43.22211,43.22211,Sunny,0.05
71,2,Norris (McLaren),43.24541,86.46753,Sunny,0.05
71,3,Norris (McLaren),42.88138,129.34891,Sunny,0.05
71,4,Norris (McLaren),42.92009,172.26899,Sunny,0.05
71,5,Norris (McLaren),42.97172,215.24071,Sunny,0.05
72,1,Hamilton (Mercedes),43.29769,43.29769,Sunny,0.05
72,2,Hamilton (Mercedes),43.31083,86.60851,Sunny,0.05
72,3,Hamilton (Mercedes),42.81877,129.42728,Sunny,0.05
72,4,Hamilton (Mercedes),44.07469,173.50198,Sunny,0.05
72,5,Hamilton (Mercedes),43.38855,216.89053,Sunny,0.05
72,1,Verstappen (Red Bull),43.23427,43.23427,Sunny,0.05
72,2,Verstappen (Red Bull),42.89626,86.13053,Sunny,0.05
72,3,Verstappen (Red Bull),43.11728,129.24781,Sunny,0.05
72,4,Verstappen (Red Bull),42.77743,172.02524,Sunny,0.05
72,5,Verstappen (Red Bull),41.93127,213.95651,Sunny,0.05
72,1,Norris (McLaren),43.05384,43.05384,Sunny,0.05
72,2,Norris (McLaren),42.52342,85.57726,Sunny,0.05
72,3,Norris (McLaren),42.99976,128.57702,Sunny,0.05
72,4,Norris (McLaren),43.31795,171.89497,Sunny,0.05
72,5,Norris (McLaren),43.08155,214.97653,Sunny,0.05
73,1,Hamilton (Mercedes),42.99442,42.99442,Sunny,0.05
73,2,Hamilton (Mercedes),43.43917,86.43359,Sunny,0.05
73,3,Hamilton (Mercedes),44.2762,130.70979,Sunny,0.05
73,4,Hamilton (Mercedes),43.02985,173.73964,Sunny,0.05
73,5,Hamilton (Mercedes),43.3151,217.05474,Sunny,0.05
73,1,Verstappen (Red Bull),43.45659,43.45659,Sunny,0.05
73,2,Verstappen (Red Bull),42.70958,86.16617,Sunny,0.05
73,3,Verstappen (Red Bull),42.09245,128.25862,Sunny,0.05
73,4,Verstappen (Red Bull),42.77747,171.03609,Sunny,0.05
73,5,Verstappen (Red Bull),41.82979,212.86588,Sunny,0.05
73,1,Norris (McLaren),43.61317,43.61317,Sunny,0.05
73,2,Norris (McLaren),43.4162,87.02937,Sunny,0.05
73,3,Norris (McLaren),43.3829,130.41227,Sunny,0.05
73,4,Norris (McLaren),43.76709,174.17937,Sunny,0.05
73,5,Norris (McLaren),43.73071,217.91008,Sunny,0.05
74,1,Hamilton (Mercedes),43.42537,43.42537,Sunny,0.05
74,2,Hamilton (Mercedes),42.60953,86.0349,Sunny,0.05
74,3,Hamilton (Mercedes),43.36197,129.39686,Sunny,0.05
74,4,Hamilton (Mercedes),43.48621,172.88307,Sunny,0.05
74,5,Hamilton (Mercedes),43.72238,216.60546,Sunny,0.05
74,1,Verstappen (Red Bull),42.47237,42.47237,Sunny,0.05
74,2,Verstappen (Red Bull),42.46469,84.93707,Sunny,0.05
74,3,Verstappen (Red Bull),43.60383,128.5409,Sunny,0.05
74,4,Verstappen (Red Bull),42.71014,171.25104,Sunny,0.05
74,5,Verstappen (Red Bull),43.38914,214.64019,Sunny,0.05
74,1,Norris (McLaren),43.04436,43.04436,Sunny,0.05
74,2,Norris (McLaren),43.34543,86.3898,Sunny,0.05
74,3,Norris (McLaren),42.32713,128.71693,Sunny,0.05
74,4,Norris (McLaren),43.7819,172.49883,Sunny,0.05
74,5,Norris (McLaren),42.9632,215.46203,Sunny,0.05
75,1,Hamilton (Mercedes),42.14129,42.14129,Sunny,0.05
75,2,Hamilton (Mercedes),43.81385,85.95514,Sunny,0.05
75,3,Hamilton (Mercedes),43.13456,129.0897,Sunny,0.05
75,4,Hamilton (Mercedes),43.69682,172.78652,Sunny,0.05
75,5,Hamilton (Mercedes),43.12453,215.91106,Sunny,0.05
75,1,Verstappen (Red Bull),42.95155,42.95155,Sunny,0.05
75,2,Verstappen (Red Bull),42.84957,85.80112,Sunny,0.05
75,3,Verstappen (Red Bull),42.76328,128.5644,Sunny,0.05
75,4,Verstappen (Red Bull),42.12795,170.69235,Sunny,0.05
75,5,Verstappen (Red Bull),42.55681,213.24916,Sunny,0.05
75,1,Norris (McLaren),44.6219,44.6219,Sunny,0.05
75,2,Norris (McLaren),41.7639,86.3858,Sunny,0.05
75,3,Norris (McLaren),43.1397,129.52549,Sunny,0.05
75,4,Norris (McLaren),42.51522,172.04071,Sunny,0.05
75,5,Norris (McLaren),43.67194,215.71265,Sunny,0.05
76,1,Hamilton (Mercedes),42.93063,42.93063,Sunny,0.05
76,2,Hamilton (Mercedes),42.83248,85.76312,Sunny,0.05
76,3,Hamilton (Mercedes),42.78534,128.54846,Sunny,0.05
76,4,Hamilton (Mercedes),43.30935,171.85781,Sunny,0.05
76,5,Hamilton (Mercedes),43.05089,214.9087,Sunny,0.05
76,1,Verstappen (Red Bull),42.42259,42.42259,Sunny,0.05
76,2,Verstappen (Red Bull),42.52904,84.95163,Sunny,0.05
76,3,Verstappen (Red Bull),43.11309,128.06472,Sunny,0.05
76,4,Verstappen (Red Bull),42.67272,170.73744,Sunny,0.05
76,5,Verstappen (Red Bull),42.77182,213.50926,Sunny,0.05
76,1,Norris (McLaren),43.21385,43.21385,Sunny,0.05
76,2,Norris (McLaren),43.33119,86.54504,Sunny,0.05
76,3,Norris (McLaren),43.9547,130.49974,Sunny,0.05
76,4,Norris (McLaren),42.52051,173.02026,Sunny,0.05
76,5,Norris (McLaren),42.39,215.41026,Sunny,0.05
77,1,Hamilton (Mercedes),42.85892,42.85892,Sunny,0.05
77,2,Hamilton (Mercedes),43.22084,86.07976,Sunny,0.05
77,3,Hamilton (Mercedes),42.99901,129.07878,Sunny,0.05
77,4,Hamilton (Mercedes),43.37253,172.4513,Sunny,0.05
77,5,Hamilton (Mercedes),43.47903,215.93033,Sunny,0.05
77,1,Verstappen (Red Bull),42.31251,42.31251,Sunny,0.05
77,2,Verstappen (Red Bull),41.92636,84.23886,Sunny,0.05
77,3,Verstappen (Red Bull),43.0019,127.24076,Sunny,0.05
77,4,Verstappen (Red Bull),42.3531,169.59386,Sunny,0.05
77,5,Verstappen (Red Bull),42.28712,211.88098,Sunny,0.05
77,1,Norris (McLaren),42.54992,42.54992,Sunny,0.05
77,2,Norris (McLaren),43.82424,86.37416,Sunny,0.05
77,3,Norris (McLaren),44.35798,130.73214,Sunny,0.05
77,4,Norris (McLaren),43.57602,174.30816,Sunny,0.05
77,5,Norris (McLaren),43.19686,217.50503,Sunny,0.05
78,1,Hamilton (Mercedes),43.58137,43.58137,Sunny,0.05
78,2,Hamilton (Mercedes),44.40706,87.98843,Sunny,0.05
78,3,Hamilton (Mercedes),43.6692,131.65764,Sunny,0.05
78,4,Hamilton (Mercedes),43.00446,174.66209,Sunny,0.05
78,5,Hamilton (Mercedes),43.18909,217.85118,Sunny,0.05
78,1,Verstappen (Red Bull),43.77192,43.77192,Sunny,0.05
78,2,Verstappen (Red Bull),42.72787,86.49979,Sunny,0.05
78,3,Verstappen (Red Bull),42.90276,129.40255,Sunny,0.05
78,4,Verstappen (Red Bull),42.5156,171.91815,Sunny,0.05
78,5,Verstappen (Red Bull),42.95689,214.87504,Sunny,0.05
78,1,Norris (McLaren),44.41427,44.41427,Sunny,0.05
78,2,Norris (McLaren),42.2759,86.69017,Sunny,0.05
78,3,Norris (McLaren),42.87261,129.56278,Sunny,0.05
78,4,Norris (McLaren),42.9957,172.55848,Sunny,0.05
78,5,Norris (McLaren),42.32963,214.88811,Sunny,0.05
79,1,Hamilton (Mercedes),43.99625,43.99625,Sunny,0.05
79,2,Hamilton (Mercedes),42.48104,86.47729,Sunny,0.05
79,3,Hamilton (Mercedes),42.95783,129.43511,Sunny,0.05
79,4,Hamilton (Mercedes),42.90667,172.34179,Sunny,0.05
79,5,Hamilton (Mercedes),42.50898,214.85077,Sunny,0.05
79,1,Verstappen (Red Bull),42.67277,42.67277,Sunny,0.05
79,2,Verstappen (Red Bull),41.56277,84.23554,Sunny,0.05
79,3,Verstappen (Red Bull),43.29894,127.53448,Sunny,0.05
79,4,Verstappen (Red Bull),41.68955,169.22403,Sunny,0.05
79,5,Verstappen (Red Bull),42.55078,211.77481,Sunny,0.05
79,1,Norris (McLaren),44.22398,44.22398,Sunny,0.05
79,2,Norris (McLaren),42.53677,86.76075,Sunny,0.05
79,3,Norris (McLaren),44.12497,130.88572,Sunny,0.05
79,4,Norris (McLaren),43.75858,174.64429,Sunny,0.05
79,5,Norris (McLaren),42.61791,217.26221,Sunny,0.05
80,1,Hamilton (Mercedes),43.82742,43.82742,Sunny,0.05
80,2,Hamilton (Mercedes),43.18499,87.0124,Sunny,0.05
80,3,Hamilton (Mercedes),43.17391,130.18631,Sunny,0.05
80,4,Hamilton (Mercedes),42.8659,173.0522,Sunny,0.05
80,5,Hamilton (Mercedes),42.40285,215.45505,Sunny,0.05
80,1,Verstappen (Red Bull),42.62595,42.62595,Sunny,0.05
80,2,Verstappen (Red Bull),42.57404,85.19999,Sunny,0.05
80,3,Verstappen (Red Bull),42.13966,127.33965,Sunny,0.05
80,4,Verstappen (Red Bull),41.7978,169.13745,Sunny,0.05
80,5,Verstappen (Red Bull),43.2265,212.36395,Sunny,0.05
80,1,Norris (McLaren),42.64521,42.64521,Sunny,0.05
80,2,Norris (McLaren),42.46235,85.10756,Sunny,0.05
80,3,Norris (McLaren),44.46016,129.56772,Sunny,0.05
80,4,Norris (McLaren),44.41418,173.98191,Sunny,0.05
80,5,Norris (McLaren),42.84795,216.82986,Sunny,0.05
81,1,Hamilton (Mercedes),42.89908,42.89908,Sunny,0.05
81,2,Hamilton (Mercedes),43.20145,86.10052,Sunny,0.05
81,3,Hamilton (Mercedes),42.36391,128.46444,Sunny,0.05
81,4,Hamilton (Mercedes),43.5861,172.05054,Sunny,0.05
81,5,Hamilton (Mercedes),43.24435,215.29489,Sunny,0.05
81,1,Verstappen (Red Bull),43.30531,43.30531,Sunny,0.05
81,2,Verstappen (Red Bull),42.27817,85.58348,Sunny,0.05
81,3,Verstappen (Red Bull),43.60954,129.19302,Sunny,0.05
81,4,Verstappen (Red Bull),42.49608,171.6891,Sunny,0.05
81,5,Verstappen (Red Bull),43.44081,215.12991,Sunny,0.05
81,1,Norris (McLaren),43.079,43.079,Sunny,0.05
81,2,Norris (McLaren),44.92723,88.00624,Sunny,0.05
81,3,Norris (McLaren),43.68256,131.6888,Sunny,0.05
81,4,Norris (McLaren),44.54306,176.23186,Sunny,0.05
81,5,Norris (McLaren),42.44109,218.67295,Sunny,0.05
82,1,Hamilton (Mercedes),43.67729,43.67729,Sunny,0.05
82,2,Hamilton (Mercedes),43.36291,87.0402,Sunny,0.05
82,3,Hamilton (Mercedes),43.04825,130.08845,Sunny,0.05
82,4,Hamilton (Mercedes),43.22407,173.31252,Sunny,0.05
82,5,Hamilton (Mercedes),43.47667,216.7892,Sunny,0.05
82,1,Verstappen (Red Bull),43.0685,43.0685,Sunny,0.05
82,2,Verstappen (Red Bull),43.66066,86.72916,Sunny,0.05
82,3,Verstappen (Red Bull),42.63001,129.35917,Sunny,0.05
82,4,Verstappen (Red Bull),43.45619,172.81536,Sunny,0.05
82,5,Verstappen (Red Bull),43.24597,216.06133,Sunny,0.05
82,1,Norris (McLaren),43.88793,43.88793,Sunny,0.05
82,2,Norris (McLaren),42.98842,86.87635,Sunny,0.05
82,3,Norris (McLaren),44.34843,131.22478,Sunny,0.05
82,4,Norris (McLaren),43.08914,174.31392,Sunny,0.05
82,5,Norris (McLaren),43.53981,217.85373,Sunny,0.05
83,1,Hamilton (Mercedes),42.73476,42.73476,Sunny,0.05
83,2,Hamilton (Mercedes),43.18097,85.91573,Sunny,0.05
83,3,Hamilton (Mercedes),43.7309,129.64663,Sunny,0.05
83,4,Hamilton (Mercedes),43.17678,172.82341,Sunny,0.05
83,5,Hamilton (Mercedes),42.4476,215.27102,Sunny,0.05
83,1,Verstappen (Red Bull),42.17694,42.17694,Sunny,0.05
83,2,Verstappen (Red Bull),42.76097,84.93791,Sunny,0.05
83,3,Verstappen (Red Bull),42.63876,127.57667,Sunny,0.05
83,4,Verstappen (Red Bull),42.37461,169.95128,Sunny,0.05
83,5,Verstappen (Red Bull),43.07069,213.02197,Sunny,0.05
83,1,Norris (McLaren),43.89506,43.89506,Sunny,0.05
83,2,Norris (McLaren),42.50971,86.40477,Sunny,0.05
83,3,Norris (McLaren),43.38546,129.79023,Sunny,0.05
83,4,Norris (McLaren),44.17736,173.96759,Sunny,0.05
83,5,Norris (McLaren),43.71829,217.68588,Sunny,0.05
84,1,Hamilton (Mercedes),42.40359,42.40359,Sunny,0.05
84,2,Hamilton (Mercedes),42.66929,85.07288,Sunny,0.05
84,3,Hamilton (Mercedes),42.62143,127.69431,Sunny,0.05
84,4,Hamilton (Mercedes),44.24891,171.94322,Sunny,0.05
84,5,Hamilton (Mercedes),43.06532,215.00854,Sunny,0.05
84,1,Verstappen (Red Bull),41.46613,41.46613,Sunny,0.05
84,2,Verstappen (Red Bull),43.37411,84.84024,Sunny,0.05
84,3,Verstappen (Red Bull),43.10439,127.94462,Sunny,0.05
84,4,Verstappen (Red Bull),42.32573,170.27036,Sunny,0.05
84,5,Verstappen (Red Bull),42.65072,212.92107,Sunny,0.05
84,1,Norris (McLaren),43.36432,43.36432,Sunny,0.05
84,2,Norris (McLaren),43.44244,86.80676,Sunny,0.05
84,3,Norris (McLaren),43.00954,129.81631,Sunny,0.05
84,4,Norris (McLaren),42.62501,172.44131,Sunny,0.05
84,5,Norris (McLaren),44.58926,217.03057,Sunny,0.05
85,1,Hamilton (Mercedes),43.45193,43.45193,Sunny,0.05
85,2,Hamilton (Mercedes),42.96895,86.42088,Sunny,0.05
85,3,Hamilton (Mercedes),42.66461,129.08549,Sunny,0.05
85,4,Hamilton (Mercedes),42.99637,172.08186,Sunny,0.05
85,5,Hamilton (Mercedes),43.01884,215.10069,Sunny,0.05
85,1,Verstappen (Red Bull),42.15743,42.15743,Sunny,0.05
85,2,Verstappen (Red Bull),42.27516,84.43259,Sunny,0.05
85,3,Verstappen (Red Bull),42.09118,126.52377,Sunny,0.05
85,4,Verstappen (Red Bull),43.28329,169.80706,Sunny,0.05
85,5,Verstappen (Red Bull),42.74577,212.55283,Sunny,0.05
85,1,Norris (McLaren),43.86336,43.86336,Sunny,0.05
85,2,Norris (McLaren),43.3222,87.18556,Sunny,0.05
85,3,Norris (McLaren),43.54389,130.72945,Sunny,0.05
85,4,Norris (McLaren),43.32509,174.05454,Sunny,0.05
85,5,Norris (McLaren),43.79823,217.85277,Sunny,0.05
86,1,Hamilton (Mercedes),43.21678,43.21678,Sunny,0.05
86,2,Hamilton (Mercedes),42.91653,86.13332,Sunny,0.05
86,3,Hamilton (Mercedes),42.99553,129.12884,Sunny,0.05
86,4,Hamilton (Mercedes),42.28419,171.41304,Sunny,0.05
86,5,Hamilton (Mercedes),43.53409,214.94712,Sunny,0.05
86,1,Verstappen (Red Bull),42.2799,42.2799,Sunny,0.05
86,2,Verstappen (Red Bull),42.60739,84.88729,Sunny,0.05
86,3,Verstappen (Red Bull),42.58956,127.47685,Sunny,0.05
86,4,Verstappen (Red Bull),41.61373,169.09059,Sunny,0.05
86,5,Verstappen (Red Bull),43.27353,212.36412,Sunny,0.05
86,1,Norris (McLaren),42.94527,42.94527,Sunny,0.05
86,2,Norris (McLaren),43.28228,86.22755,Sunny,0.05
86,3,Norris (McLaren),42.21869,128.44624,Sunny,0.05
86,4,Norris (McLaren),43.1112,171.55745,Sunny,0.05
86,5,Norris (McLaren),43.70653,215.26398,Sunny,0.05
87,1,Hamilton (Mercedes),43.07128,43.07128,Sunny,0.05
87,2,Hamilton (Mercedes),42.99297,86.06425,Sunny,0.05
87,3,Hamilton (Mercedes),44.89032,130.95457,Sunny,0.05
87,4,Hamilton (Mercedes),43.50725,174.46182,Sunny,0.05
87,5,Hamilton (Mercedes),42.6215,217.08332,Sunny,0.05
87,1,Verstappen (Red Bull),42.65278,42.65278,Sunny,0.05
87,2,Verstappen (Red Bull),42.41293,85.06571,Sunny,0.05
87,3,Verstappen (Red Bull),42.80393,127.86964,Sunny,0.05
87,4,Verstappen (Red Bull),43.07926,170.9489,Sunny,0.05
87,5,Verstappen (Red Bull),43.25813,214.20704,Sunny,0.05
87,1,Norris (McLaren),43.17725,43.17725,Sunny,0.05
87,2,Norris (McLaren),41.93764,85.11489,Sunny,0.05
87,3,Norris (McLaren),43.91519,129.03008,Sunny,0.05
87,4,Norris (McLaren),43.4693,172.49938,Sunny,0.05
87,5,Norris (McLaren),43.39457,215.89395,Sunny,0.05
88,1,Hamilton (Mercedes),42.4885,42.4885,Sunny,0.05
88,2,Hamilton (Mercedes),43.56235,86.05084,Sunny,0.05
88,3,Hamilton (Mercedes),42.8051,128.85594,Sunny,0.05
88,4,Hamilton (Mercedes),42.6332,171.48915,Sunny,0.05
88,5,Hamilton (Mercedes),42.18533,213.67448,Sunny,0.05
88,1,Verstappen (Red Bull),42.49944,42.49944,Sunny,0.05
88,2,Verstappen (Red Bull),42.77546,85.2749,Sunny,0.05
88,3,Verstappen (Red Bull),43.05301,128.32791,Sunny,0.05
88,4,Verstappen (Red Bull),42.86968,171.1976,Sunny,0.05
88,5,Verstappen (Red Bull),41.63575,212.83335,Sunny,0.05
88,1,Norris (McLaren),42.40755,42.40755,Sunny,0.05
88,2,Norris (McLaren),43.60025,86.00781,Sunny,0.05
88,3,Norris (McLaren),43.94031,129.94811,Sunny,0.05
88,4,Norris (McLaren),43.81665,173.76476,Sunny,0.05
88,5,Norris (McLaren),43.47863,217.2434,Sunny,0.05
89,1,Hamilton (Mercedes),43.13403,43.13403,Sunny,0.05
89,2,Hamilton (Mercedes),43.21833,86.35236,Sunny,0.05
89,3,Hamilton (Mercedes),42.81399,129.16635,Sunny,0.05
89,4,Hamilton (Mercedes),42.23464,171.40099,Sunny,0.05
89,5,Hamilton (Mercedes),42.61378,214.01477,Sunny,0.05
89,1,Verstappen (Red Bull),43.85077,43.85077,Sunny,0.05
89,2,Verstappen (Red Bull),43.719,87.56976,Sunny,0.05
89,3,Verstappen (Red Bull),42.22576,129.79552,Sunny,0.05
89,4,Verstappen (Red Bull),42.44947,172.24499,Sunny,0.05
89,5,Verstappen (Red Bull),42.44605,214.69104,Sunny,0.05
89,1,Norris (McLaren),43.44998,43.44998,Sunny,0.05
89,2,Norris (McLaren),42.69721,86.14719,Sunny,0.05
89,3,Norris (McLaren),44.77455,130.92174,Sunny,0.05
89,4,Norris (McLaren),43.17394,174.09568,Sunny,0.05
89,5,Norris (McLaren),43.09405,217.18973,Sunny,0.05
90,1,Hamilton (Mercedes),44.2216,44.2216,Sunny,0.05
90,2,Hamilton (Mercedes),43.50712,87.72872,Sunny,0.05
90,3,Hamilton (Mercedes),43.38423,131.11295,Sunny,0.05
90,4,Hamilton (Mercedes),42.36236,173.47532,Sunny,0.05
90,5,Hamilton (Mercedes),43.94798,217.4233,Sunny,0.05
90,1,Verstappen (Red Bull),42.64752,42.64752,Sunny,0.05
90,2,Verstappen (Red Bull),41.9706,84.61811,Sunny,0.05
90,3,Verstappen (Red Bull),42.76676,127.38487,Sunny,0.05
90,4,Verstappen (Red Bull),42.14196,169.52684,Sunny,0.05
90,5,Verstappen (Red Bull),42.71638,212.24322,Sunny,0.05
90,1,Norris (McLaren),43.6706,43.6706,Sunny,0.05
90,2,Norris (McLaren),43.35368,87.02428,Sunny,0.05
90,3,Norris (McLaren),42.63561,129.65989,Sunny,0.05
90,4,Norris (McLaren),42.89813,172.55802,Sunny,0.05
90,5,Norris (McLaren),43.52764,216.08566,Sunny,0.05
91,1,Hamilton (Mercedes),43.48517,43.48517,Sunny,0.05
91,2,Hamilton (Mercedes),43.0971,86.58228,Sunny,0.05
91,3,Hamilton (Mercedes),43.62154,130.20381,Sunny,0.05
91,4,Hamilton (Mercedes),43.18254,173.38635,Sunny,0.05
91,5,Hamilton (Mercedes),43.15225,216.5386,Sunny,0.05
91,1,Verstappen (Red Bull),43.23738,43.23738,Sunny,0.05
91,2,Verstappen (Red Bull),43.76546,87.00284,Sunny,0.05
91,3,Verstappen (Red Bull),43.19098,130.19381,Sunny,0.05
91,4,Verstappen (Red Bull),41.87871,172.07252,Sunny,0.05
91,5,Verstappen (Red Bull),43.04793,215.12045,Sunny,0.05
91,1,Norris (McLaren),43.14103,43.14103,Sunny,0.05
91,2,Norris (McLaren),43.10191,86.24294,Sunny,0.05
91,3,Norris (McLaren),43.582,129.82494,Sunny,0.05
91,4,Norris (McLaren),42.80934,172.63428,Sunny,0.05
91,5,Norris (McLaren),43.48788,216.12216,Sunny,0.05
92,1,Hamilton (Mercedes),42.62821,42.62821,Sunny,0.05
92,2,Hamilton (Mercedes),43.06504,85.69325,Sunny,0.05
92,3,Hamilton (Mercedes),43.29494,128.98819,Sunny,0.05
92,4,Hamilton (Mercedes),43.37664,172.36483,Sunny,0.05
92,5,Hamilton (Mercedes),43.29681,215.66164,Sunny,0.05
92,1,Verstappen (Red Bull),41.69983,41.69983,Sunny,0.05
92,2,Verstappen (Red Bull),42.62508,84.32492,Sunny,0.05
92,3,Verstappen (Red Bull),43.74855,128.07347,Sunny,0.05
92,4,Verstappen (Red Bull),43.34709,171.42055,Sunny,0.05
92,5,Verstappen (Red Bull),42.2063,213.62685,Sunny,0.05
92,1,Norris (McLaren),44.49299,44.49299,Sunny,0.05
92,2,Norris (McLaren),43.1266,87.6196,Sunny,0.05
92,3,Norris (McLaren),43.66709,131.28669,Sunny,0.05
92,4,Norris (McLaren),43.74403,175.03072,Sunny,0.05
92,5,Norris (McLaren),44.68201,219.71273,Sunny,0.05
93,1,Hamilton (Mercedes),43.20948,43.20948,Sunny,0.05
93,2,Hamilton (Mercedes),42.97628,86.18576,Sunny,0.05
93,3,Hamilton (Mercedes),42.36708,128.55284,Sunny,0.05
93,4,Hamilton (Mercedes),43.24912,171.80195,Sunny,0.05
93,5,Hamilton (Mercedes),42.44455,214.2465,Sunny,0.05
93,1,Verstappen (Red Bull),42.74994,42.74994,Sunny,0.05
93,2,Verstappen (Red Bull),42.58118,85.33112,Sunny,0.05
93,3,Verstappen (Red Bull),42.58653,127.91765,Sunny,0.05
93,4,Verstappen (Red Bull),42.86946,170.78711,Sunny,0.05
93,5,Verstappen (Red Bull),42.84459,213.6317,Sunny,0.05
93,1,Norris (McLaren),43.91007,43.91007,Sunny,0.05
93,2,Norris (McLaren),43.47661,87.38668,Sunny,0.05
93,3,Norris (McLaren),42.87911,130.26579,Sunny,0.05
93,4,Norris (McLaren),43.40691,173.6727,Sunny,0.05
93,5,Norris (McLaren),42.76938,216.44208,Sunny,0.05
94,1,Hamilton (Mercedes),42.58987,42.58987,Sunny,0.05
94,2,Hamilton (Mercedes),42.27068,84.86055,Sunny,0.05
94,3,Hamilton (Mercedes),42.96505,127.8256,Sunny,0.05
94,4,Hamilton (Mercedes),43.42663,171.25223,Sunny,0.05
94,5,Hamilton (Mercedes),43.13542,214.38765,Sunny,0.05
94,1,Verstappen (Red Bull),43.22702,43.22702,Sunny,0.05
94,2,Verstappen (Red Bull),42.62564,85.85266,Sunny,0.05
94,3,Verstappen (Red Bull),42.43446,128.28712,Sunny,0.05
94,4,Verstappen (Red Bull),42.33896,170.62607,Sunny,0.05
94,5,Verstappen (Red Bull),43.96243,214.58851,Sunny,0.05
94,1,Norris (McLaren),42.64295,42.64295,Sunny,0.05
94,2,Norris (McLaren),43.40002,86.04296,Sunny,0.05
94,3,Norris (McLaren),43.45217,129.49513,Sunny,0.05
94,4,Norris (McLaren),42.6396,172.13474,Sunny,0.05
94,5,Norris (McLaren),43.14438,215.27912,Sunny,0.05
95,1,Hamilton (Mercedes),42.93666,42.93666,Sunny,0.05
95,2,Hamilton (Mercedes),42.34475,85.2814,Sunny,0.05
95,3,Hamilton (Mercedes),43.52927,128.81068,Sunny,0.05
95,4,Hamilton (Mercedes),42.3951,171.20577,Sunny,0.05
95,5,Hamilton (Mercedes),43.0531,214.25887,Sunny,0.05
95,1,Verstappen (Red Bull),42.64085,42.64085,Sunny,0.05
95,2,Verstappen (Red Bull),41.88177,84.52262,Sunny,0.05
95,3,Verstappen (Red Bull),42.81976,127.34238,Sunny,0.05
95,4,Verstappen (Red Bull),42.2636,169.60598,Sunny,0.05
95,5,Verstappen (Red Bull),42.01251,211.61849,Sunny,0.05
95,1,Norris (McLaren),41.81531,41.81531,Sunny,0.05
95,2,Norris (McLaren),42.47982,84.29513,Sunny,0.05
95,3,Norris (McLaren),42.47655,126.77168,Sunny,0.05
95,4,Norris (McLaren),41.83393,168.60561,Sunny,0.05
95,5,Norris (McLaren),43.49321,212.09882,Sunny,0.05
96,1,Hamilton (Mercedes),42.96946,42.96946,Sunny,0.05
96,2,Hamilton (Mercedes),43.3876,86.35706,Sunny,0.05
96,3,Hamilton (Mercedes),42.99444,129.35149,Sunny,0.05
96,4,Hamilton (Mercedes),42.41528,171.76677,Sunny,0.05
96,5,Hamilton (Mercedes),42.25192,214.01869,Sunny,0.05
96,1,Verstappen (Red Bull),42.6751,42.6751,Sunny,0.05
96,2,Verstappen (Red Bull),43.57839,86.25348,Sunny,0.05
96,3,Verstappen (Red Bull),41.8092,128.06269,Sunny,0.05
96,4,Verstappen (Red Bull),42.41787,170.48055,Sunny,0.05
96,5,Verstappen (Red Bull),42.88686,213.36741,Sunny,0.05
96,1,Norris (McLaren),42.84681,42.84681,Sunny,0.05
96,2,Norris (McLaren),44.06377,86.91059,Sunny,0.05
96,3,Norris (McLaren),44.25147,131.16206,Sunny,0.05
96,4,Norris (McLaren),44.37,175.53206,Sunny,0.05
96,5,Norris (McLaren),44.24142,219.77348,Sunny,0.05
97,1,Hamilton (Mercedes),43.78984,43.78984,Sunny,0.05
97,2,Hamilton (Mercedes),43.16113,86.95096,Sunny,0.05
97,3,Hamilton (Mercedes),43.19758,130.14855,Sunny,0.05
97,4,Hamilton (Mercedes),42.89152,173.04007,Sunny,0.05
97,5,Hamilton (Mercedes),42.50868,215.54875,Sunny,0.05
97,1,Verstappen (Red Bull),42.95833,42.95833,Sunny,0.05
97,2,Verstappen (Red Bull),42.44243,85.40076,Sunny,0.05
97,3,Verstappen (Red Bull),43.42731,128.82807,Sunny,0.05
97,4,Verstappen (Red Bull),42.86408,171.69215,Sunny,0.05
97,5,Verstappen (Red Bull),42.97999,214.67214,Sunny,0.05
97,1,Norris (McLaren),43.69481,43.69481,Sunny,0.05
97,2,Norris (McLaren),44.37334,88.06815,Sunny,0.05
97,3,Norris (McLaren),43.66879,131.73694,Sunny,0.05
97,4,Norris (McLaren),42.91306,174.65,Sunny,0.05
97,5,Norris (McLaren),43.9185,218.5685,Sunny,0.05
98,1,Hamilton (Mercedes),43.30127,43.30127,Sunny,0.05
98,2,Hamilton (Mercedes),42.01045,85.31172,Sunny,0.05
98,3,Hamilton (Mercedes),41.80786,127.11958,Sunny,0.05
98,4,Hamilton (Mercedes),42.77526,169.89484,Sunny,0.05
98,5,Hamilton (Mercedes),43.60691,213.50174,Sunny,0.05
98,1,Verstappen (Red Bull),42.84102,42.84102,Sunny,0.05
98,2,Verstappen (Red Bull),42.51102,85.35204,Sunny,0.05
98,3,Verstappen (Red Bull),43.87514,129.22719,Sunny,0.05
98,4,Verstappen (Red Bull),42.09479,171.32198,Sunny,0.05
98,5,Verstappen (Red Bull),43.10882,214.4308,Sunny,0.05
98,1,Norris (McLaren),42.74631,42.74631,Sunny,0.05
98,2,Norris (McLaren),43.38704,86.13335,Sunny,0.05
98,3,Norris (McLaren),42.29206,128.4254,Sunny,0.05
98,4,Norris (McLaren),43.42762,171.85303,Sunny,0.05
98,5,Norris (McLaren),42.74042,214.59345,Sunny,0.05
99,1,Hamilton (Mercedes),43.69364,43.69364,Sunny,0.05
99,2,Hamilton (Mercedes),42.4612,86.15483,Sunny,0.05
99,3,Hamilton (Mercedes),42.25206,128.4069,Sunny,0.05
99,4,Hamilton (Mercedes),43.41715,171.82404,Sunny,0.05
99,5,Hamilton (Mercedes),42.40279,214.22684,Sunny,0.05
99,1,Verstappen (Red Bull),43.61938,43.61938,Sunny,0.05
99,2,Verstappen (Red Bull),43.11404,86.73343,Sunny,0.05
99,3,Verstappen (Red Bull),42.06285,128.79628,Sunny,0.05
99,4,Verstappen (Red Bull),42.24724,171.04352,Sunny,0.05
99,5,Verstappen (Red Bull),42.44318,213.48669,Sunny,0.05
99,1,Norris (McLaren),42.82947,42.82947,Sunny,0.05
99,2,Norris (McLaren),42.62545,85.45492,Sunny,0.05
99,3,Norris (McLaren),42.89842,128.35334,Sunny,0.05
99,4,Norris (McLaren),43.60524,171.95858,Sunny,0.05
99,5,Norris (McLaren),42.4796,214.43819,Sunny,0.05
100,1,Hamilton (Mercedes),42.93553,42.93553,Sunny,0.05
100,2,Hamilton (Mercedes),43.12186,86.05739,Sunny,0.05
100,3,Hamilton (Mercedes),43.13941,129.1968,Sunny,0.05
100,4,Hamilton (Mercedes),44.2569,173.4537,Sunny,0.05
100,5,Hamilton (Mercedes),43.37211,216.82581,Sunny,0.05
100,1,Verstappen (Red Bull),43.23261,43.23261,Sunny,0.05
100,2,Verstappen (Red Bull),42.60034,85.83294,Sunny,0.05
100,3,Verstappen (Red Bull),43.25064,129.08359,Sunny,0.05
100,4,Verstappen (Red Bull),42.06149,171.14508,Sunny,0.05
100,5,Verstappen (Red Bull),43.16294,214.30802,Sunny,0.05
100,1,Norris (McLaren),43.82792,43.82792,Sunny,0.05
100,2,Norris (McLaren),43.86271,87.69063,Sunny,0.05
100,3,Norris (McLaren),43.58089,131.27152,Sunny,0.05
100,4,Norris (McLaren),42.41578,173.6873,Sunny,0.05
100,5,Norris (McLaren),42.651,216.3383,Sunny,0.05
